ref,name,address
host#1,Mr Host 1,1 Camden Street
host#2,Mr Host 2,2 Camden Street
host#3,Mr Host 3,3 Camden Street
host#4,Mr Host 4,4 Camden Street
host#5,Mr Host 5,5 Camden Street
host#6,Mr Host 6,6 Camden Street
host#7,Mr Host 7,7 Camden Street
host#8,Mr Host 8,8 Camden Street
host#9,Mr Host 9,9 Camden Street
host#10,Mr Host 10,10 Camden Street
host#11,Mr Host 11,11 Camden Street
host#12,Mr Host 12,12 Camden Street
host#13,Mr Host 13,13 Camden Street
host#14,Mr Host 14,14 Camden Street
host#15,Mr Host 15,15 Camden Street
host#16,Mr Host 16,16 Camden Street
host#17,Mr Host 17,17 Camden Street
host#18,Mr Host 18,18 Camden Street
host#19,Mr Host 19,19 Camden Street
host#20,Mr Host 20,20 Camden Street
host#21,Mr Host 21,21 Camden Street
host#22,Mr Host 22,22 Camden Street
host#23,Mr Host 23,23 Camden Street
host#24,Mr Host 24,24 Camden Street
host#25,Mr Host 25,25 Camden Street
host#26,Mr Host 26,26 Camden Street
host#27,Mr Host 27,27 Camden Street
host#28,Mr Host 28,28 Camden Street
host#29,Mr Host 29,29 Camden Street
host#30,Mr Host 30,30 Camden Street
host#31,Mr Host 31,31 Camden Street
host#32,Mr Host 32,32 Camden Street
host#33,Mr Host 33,33 Camden Street
host#34,Mr Host 34,34 Camden Street
host#35,Mr Host 35,35 Camden Street
host#36,Mr Host 36,36 Camden Street
host#37,Mr Host 37,37 Camden Street
host#38,Mr Host 38,38 Camden Street
host#39,Mr Host 39,39 Camden Street
host#40,Mr Host 40,40 Camden Street
host#41,Mr Host 41,41 Camden Street
host#42,Mr Host 42,42 Camden Street
host#43,Mr Host 43,43 Camden Street
host#44,Mr Host 44,44 Camden Street
host#45,Mr Host 45,45 Camden Street
host#46,Mr Host 46,46 Camden Street
host#47,Mr Host 47,47 Camden Street
host#48,Mr Host 48,48 Camden Street
host#49,Mr Host 49,49 Camden Street
host#50,Mr Host 50,50 Camden Street
host#51,Mr Host 51,51 Camden Street
host#52,Mr Host 52,52 Camden Street
host#53,Mr Host 53,53 Camden Street
host#54,Mr Host 54,54 Camden Street
host#55,Mr Host 55,55 Camden Street
host#56,Mr Host 56,56 Camden Street
host#57,Mr Host 57,57 Camden Street
host#58,Mr Host 58,58 Camden Street
host#59,Mr Host 59,59 Camden Street
host#60,Mr Host 60,60 Camden Street
host#61,Mr Host 61,61 Camden Street
host#62,Mr Host 62,62 Camden Street
host#63,Mr Host 63,63 Camden Street
host#64,Mr Host 64,64 Camden Street
host#65,Mr Host 65,65 Camden Street
host#66,Mr Host 66,66 Camden Street
host#67,Mr Host 67,67 Camden Street
host#68,Mr Host 68,68 Camden Street
host#69,Mr Host 69,69 Camden Street
host#70,Mr Host 70,70 Camden Street
host#71,Mr Host 71,71 Camden Street
host#72,Mr Host 72,72 Camden Street
host#73,Mr Host 73,73 Camden Street
host#74,Mr Host 74,74 Camden Street
host#75,Mr Host 75,75 Camden Street
host#76,Mr Host 76,76 Camden Street
host#77,Mr Host 77,77 Camden Street
host#78,Mr Host 78,78 Camden Street
host#79,Mr Host 79,79 Camden Street
host#80,Mr Host 80,80 Camden Street
host#81,Mr Host 81,81 Camden Street
host#82,Mr Host 82,82 Camden Street
host#83,Mr Host 83,83 Camden Street
host#84,Mr Host 84,84 Camden Street
host#85,Mr Host 85,85 Camden Street
host#86,Mr Host 86,86 Camden Street
host#87,Mr Host 87,87 Camden Street
host#88,Mr Host 88,88 Camden Street
host#89,Mr Host 89,89 Camden Street
host#90,Mr Host 90,90 Camden Street
host#91,Mr Host 91,91 Camden Street
host#92,Mr Host 92,92 Camden Street
host#93,Mr Host 93,93 Camden Street
host#94,Mr Host 94,94 Camden Street
host#95,Mr Host 95,95 Camden Street
host#96,Mr Host 96,96 Camden Street
host#97,Mr Host 97,97 Camden Street
host#98,Mr Host 98,98 Camden Street
host#99,Mr Host 99,99 Camden Street
host#100,Mr Host 100,100 Camden Street
host#101,Mr Host 101,101 Camden Street
host#102,Mr Host 102,102 Camden Street
host#103,Mr Host 103,103 Camden Street
host#104,Mr Host 104,104 Camden Street
host#105,Mr Host 105,105 Camden Street
host#106,Mr Host 106,106 Camden Street
host#107,Mr Host 107,107 Camden Street
host#108,Mr Host 108,108 Camden Street
host#109,Mr Host 109,109 Camden Street
host#110,Mr Host 110,110 Camden Street
host#111,Mr Host 111,111 Camden Street
host#112,Mr Host 112,112 Camden Street
host#113,Mr Host 113,113 Camden Street
host#114,Mr Host 114,114 Camden Street
host#115,Mr Host 115,115 Camden Street
host#116,Mr Host 116,116 Camden Street
host#117,Mr Host 117,117 Camden Street
host#118,Mr Host 118,118 Camden Street
host#119,Mr Host 119,119 Camden Street
host#120,Mr Host 120,120 Camden Street
host#121,Mr Host 121,121 Camden Street
host#122,Mr Host 122,122 Camden Street
host#123,Mr Host 123,123 Camden Street
host#124,Mr Host 124,124 Camden Street
host#125,Mr Host 125,125 Camden Street
host#126,Mr Host 126,126 Camden Street
host#127,Mr Host 127,127 Camden Street
host#128,Mr Host 128,128 Camden Street
host#129,Mr Host 129,129 Camden Street
host#130,Mr Host 130,130 Camden Street
host#131,Mr Host 131,131 Camden Street
host#132,Mr Host 132,132 Camden Street
host#133,Mr Host 133,133 Camden Street
host#134,Mr Host 134,134 Camden Street
host#135,Mr Host 135,135 Camden Street
host#136,Mr Host 136,136 Camden Street
host#137,Mr Host 137,137 Camden Street
host#138,Mr Host 138,138 Camden Street
host#139,Mr Host 139,139 Camden Street
host#140,Mr Host 140,140 Camden Street
host#141,Mr Host 141,141 Camden Street
host#142,Mr Host 142,142 Camden Street
host#143,Mr Host 143,143 Camden Street
host#144,Mr Host 144,144 Camden Street
host#145,Mr Host 145,145 Camden Street
host#146,Mr Host 146,146 Camden Street
host#147,Mr Host 147,147 Camden Street
host#148,Mr Host 148,148 Camden Street
host#149,Mr Host 149,149 Camden Street
host#150,Mr Host 150,150 Camden Street
host#151,Mr Host 151,151 Camden Street
host#152,Mr Host 152,152 Camden Street
host#153,Mr Host 153,153 Camden Street
host#154,Mr Host 154,154 Camden Street
host#155,Mr Host 155,155 Camden Street
host#156,Mr Host 156,156 Camden Street
host#157,Mr Host 157,157 Camden Street
host#158,Mr Host 158,158 Camden Street
host#159,Mr Host 159,159 Camden Street
host#160,Mr Host 160,160 Camden Street
host#161,Mr Host 161,161 Camden Street
host#162,Mr Host 162,162 Camden Street
host#163,Mr Host 163,163 Camden Street
host#164,Mr Host 164,164 Camden Street
host#165,Mr Host 165,165 Camden Street
host#166,Mr Host 166,166 Camden Street
host#167,Mr Host 167,167 Camden Street
host#168,Mr Host 168,168 Camden Street
host#169,Mr Host 169,169 Camden Street
host#170,Mr Host 170,170 Camden Street
host#171,Mr Host 171,171 Camden Street
host#172,Mr Host 172,172 Camden Street
host#173,Mr Host 173,173 Camden Street
host#174,Mr Host 174,174 Camden Street
host#175,Mr Host 175,175 Camden Street
host#176,Mr Host 176,176 Camden Street
host#177,Mr Host 177,177 Camden Street
host#178,Mr Host 178,178 Camden Street
host#179,Mr Host 179,179 Camden Street
host#180,Mr Host 180,180 Camden Street
host#181,Mr Host 181,181 Camden Street
host#182,Mr Host 182,182 Camden Street
host#183,Mr Host 183,183 Camden Street
host#184,Mr Host 184,184 Camden Street
host#185,Mr Host 185,185 Camden Street
host#186,Mr Host 186,186 Camden Street
host#187,Mr Host 187,187 Camden Street
host#188,Mr Host 188,188 Camden Street
host#189,Mr Host 189,189 Camden Street
host#190,Mr Host 190,190 Camden Street
host#191,Mr Host 191,191 Camden Street
host#192,Mr Host 192,192 Camden Street
host#193,Mr Host 193,193 Camden Street
host#194,Mr Host 194,194 Camden Street
host#195,Mr Host 195,195 Camden Street
host#196,Mr Host 196,196 Camden Street
host#197,Mr Host 197,197 Camden Street
host#198,Mr Host 198,198 Camden Street
host#199,Mr Host 199,199 Camden Street
host#200,Mr Host 200,200 Camden Street
host#201,Mr Host 201,201 Camden Street
host#202,Mr Host 202,202 Camden Street
host#203,Mr Host 203,203 Camden Street
host#204,Mr Host 204,204 Camden Street
host#205,Mr Host 205,205 Camden Street
host#206,Mr Host 206,206 Camden Street
host#207,Mr Host 207,207 Camden Street
host#208,Mr Host 208,208 Camden Street
host#209,Mr Host 209,209 Camden Street
host#210,Mr Host 210,210 Camden Street
host#211,Mr Host 211,211 Camden Street
host#212,Mr Host 212,212 Camden Street
host#213,Mr Host 213,213 Camden Street
host#214,Mr Host 214,214 Camden Street
host#215,Mr Host 215,215 Camden Street
host#216,Mr Host 216,216 Camden Street
host#217,Mr Host 217,217 Camden Street
host#218,Mr Host 218,218 Camden Street
host#219,Mr Host 219,219 Camden Street
host#220,Mr Host 220,220 Camden Street
host#221,Mr Host 221,221 Camden Street
host#222,Mr Host 222,222 Camden Street
host#223,Mr Host 223,223 Camden Street
host#224,Mr Host 224,224 Camden Street
host#225,Mr Host 225,225 Camden Street
host#226,Mr Host 226,226 Camden Street
host#227,Mr Host 227,227 Camden Street
host#228,Mr Host 228,228 Camden Street
host#229,Mr Host 229,229 Camden Street
host#230,Mr Host 230,230 Camden Street
host#231,Mr Host 231,231 Camden Street
host#232,Mr Host 232,232 Camden Street
host#233,Mr Host 233,233 Camden Street
host#234,Mr Host 234,234 Camden Street
host#235,Mr Host 235,235 Camden Street
host#236,Mr Host 236,236 Camden Street
host#237,Mr Host 237,237 Camden Street
host#238,Mr Host 238,238 Camden Street
host#239,Mr Host 239,239 Camden Street
host#240,Mr Host 240,240 Camden Street
host#241,Mr Host 241,241 Camden Street
host#242,Mr Host 242,242 Camden Street
host#243,Mr Host 243,243 Camden Street
host#244,Mr Host 244,244 Camden Street
host#245,Mr Host 245,245 Camden Street
host#246,Mr Host 246,246 Camden Street
host#247,Mr Host 247,247 Camden Street
host#248,Mr Host 248,248 Camden Street
host#249,Mr Host 249,249 Camden Street
host#250,Mr Host 250,250 Camden Street
host#251,Mr Host 251,251 Camden Street
host#252,Mr Host 252,252 Camden Street
host#253,Mr Host 253,253 Camden Street
host#254,Mr Host 254,254 Camden Street
host#255,Mr Host 255,255 Camden Street
host#256,Mr Host 256,256 Camden Street
host#257,Mr Host 257,257 Camden Street
host#258,Mr Host 258,258 Camden Street
host#259,Mr Host 259,259 Camden Street
host#260,Mr Host 260,260 Camden Street
host#261,Mr Host 261,261 Camden Street
host#262,Mr Host 262,262 Camden Street
host#263,Mr Host 263,263 Camden Street
host#264,Mr Host 264,264 Camden Street
host#265,Mr Host 265,265 Camden Street
host#266,Mr Host 266,266 Camden Street
host#267,Mr Host 267,267 Camden Street
host#268,Mr Host 268,268 Camden Street
host#269,Mr Host 269,269 Camden Street
host#270,Mr Host 270,270 Camden Street
host#271,Mr Host 271,271 Camden Street
host#272,Mr Host 272,272 Camden Street
host#273,Mr Host 273,273 Camden Street
host#274,Mr Host 274,274 Camden Street
host#275,Mr Host 275,275 Camden Street
host#276,Mr Host 276,276 Camden Street
host#277,Mr Host 277,277 Camden Street
host#278,Mr Host 278,278 Camden Street
host#279,Mr Host 279,279 Camden Street
host#280,Mr Host 280,280 Camden Street
host#281,Mr Host 281,281 Camden Street
host#282,Mr Host 282,282 Camden Street
host#283,Mr Host 283,283 Camden Street
host#284,Mr Host 284,284 Camden Street
host#285,Mr Host 285,285 Camden Street
host#286,Mr Host 286,286 Camden Street
host#287,Mr Host 287,287 Camden Street
host#288,Mr Host 288,288 Camden Street
host#289,Mr Host 289,289 Camden Street
host#290,Mr Host 290,290 Camden Street
host#291,Mr Host 291,291 Camden Street
host#292,Mr Host 292,292 Camden Street
host#293,Mr Host 293,293 Camden Street
host#294,Mr Host 294,294 Camden Street
host#295,Mr Host 295,295 Camden Street
host#296,Mr Host 296,296 Camden Street
host#297,Mr Host 297,297 Camden Street
host#298,Mr Host 298,298 Camden Street
host#299,Mr Host 299,299 Camden Street
host#300,Mr Host 300,300 Camden Street
host#301,Mr Host 301,301 Camden Street
host#302,Mr Host 302,302 Camden Street
host#303,Mr Host 303,303 Camden Street
host#304,Mr Host 304,304 Camden Street
host#305,Mr Host 305,305 Camden Street
host#306,Mr Host 306,306 Camden Street
host#307,Mr Host 307,307 Camden Street
host#308,Mr Host 308,308 Camden Street
host#309,Mr Host 309,309 Camden Street
host#310,Mr Host 310,310 Camden Street
host#311,Mr Host 311,311 Camden Street
host#312,Mr Host 312,312 Camden Street
host#313,Mr Host 313,313 Camden Street
host#314,Mr Host 314,314 Camden Street
host#315,Mr Host 315,315 Camden Street
host#316,Mr Host 316,316 Camden Street
host#317,Mr Host 317,317 Camden Street
host#318,Mr Host 318,318 Camden Street
host#319,Mr Host 319,319 Camden Street
host#320,Mr Host 320,320 Camden Street
host#321,Mr Host 321,321 Camden Street
host#322,Mr Host 322,322 Camden Street
host#323,Mr Host 323,323 Camden Street
host#324,Mr Host 324,324 Camden Street
host#325,Mr Host 325,325 Camden Street
host#326,Mr Host 326,326 Camden Street
host#327,Mr Host 327,327 Camden Street
host#328,Mr Host 328,328 Camden Street
host#329,Mr Host 329,329 Camden Street
host#330,Mr Host 330,330 Camden Street
host#331,Mr Host 331,331 Camden Street
host#332,Mr Host 332,332 Camden Street
host#333,Mr Host 333,333 Camden Street
host#334,Mr Host 334,334 Camden Street
host#335,Mr Host 335,335 Camden Street
host#336,Mr Host 336,336 Camden Street
host#337,Mr Host 337,337 Camden Street
host#338,Mr Host 338,338 Camden Street
host#339,Mr Host 339,339 Camden Street
host#340,Mr Host 340,340 Camden Street
host#341,Mr Host 341,341 Camden Street
host#342,Mr Host 342,342 Camden Street
host#343,Mr Host 343,343 Camden Street
host#344,Mr Host 344,344 Camden Street
host#345,Mr Host 345,345 Camden Street
host#346,Mr Host 346,346 Camden Street
host#347,Mr Host 347,347 Camden Street
host#348,Mr Host 348,348 Camden Street
host#349,Mr Host 349,349 Camden Street
host#350,Mr Host 350,350 Camden Street
host#351,Mr Host 351,351 Camden Street
host#352,Mr Host 352,352 Camden Street
host#353,Mr Host 353,353 Camden Street
host#354,Mr Host 354,354 Camden Street
host#355,Mr Host 355,355 Camden Street
host#356,Mr Host 356,356 Camden Street
host#357,Mr Host 357,357 Camden Street
host#358,Mr Host 358,358 Camden Street
host#359,Mr Host 359,359 Camden Street
host#360,Mr Host 360,360 Camden Street
host#361,Mr Host 361,361 Camden Street
host#362,Mr Host 362,362 Camden Street
host#363,Mr Host 363,363 Camden Street
host#364,Mr Host 364,364 Camden Street
host#365,Mr Host 365,365 Camden Street
host#366,Mr Host 366,366 Camden Street
host#367,Mr Host 367,367 Camden Street
host#368,Mr Host 368,368 Camden Street
host#369,Mr Host 369,369 Camden Street
host#370,Mr Host 370,370 Camden Street
host#371,Mr Host 371,371 Camden Street
host#372,Mr Host 372,372 Camden Street
host#373,Mr Host 373,373 Camden Street
host#374,Mr Host 374,374 Camden Street
host#375,Mr Host 375,375 Camden Street
host#376,Mr Host 376,376 Camden Street
host#377,Mr Host 377,377 Camden Street
host#378,Mr Host 378,378 Camden Street
host#379,Mr Host 379,379 Camden Street
host#380,Mr Host 380,380 Camden Street
host#381,Mr Host 381,381 Camden Street
host#382,Mr Host 382,382 Camden Street
host#383,Mr Host 383,383 Camden Street
host#384,Mr Host 384,384 Camden Street
host#385,Mr Host 385,385 Camden Street
host#386,Mr Host 386,386 Camden Street
host#387,Mr Host 387,387 Camden Street
host#388,Mr Host 388,388 Camden Street
host#389,Mr Host 389,389 Camden Street
host#390,Mr Host 390,390 Camden Street
host#391,Mr Host 391,391 Camden Street
host#392,Mr Host 392,392 Camden Street
host#393,Mr Host 393,393 Camden Street
host#394,Mr Host 394,394 Camden Street
host#395,Mr Host 395,395 Camden Street
host#396,Mr Host 396,396 Camden Street
host#397,Mr Host 397,397 Camden Street
host#398,Mr Host 398,398 Camden Street
host#399,Mr Host 399,399 Camden Street
host#400,Mr Host 400,400 Camden Street
host#401,Mr Host 401,401 Camden Street
host#402,Mr Host 402,402 Camden Street
host#403,Mr Host 403,403 Camden Street
host#404,Mr Host 404,404 Camden Street
host#405,Mr Host 405,405 Camden Street
host#406,Mr Host 406,406 Camden Street
host#407,Mr Host 407,407 Camden Street
host#408,Mr Host 408,408 Camden Street
host#409,Mr Host 409,409 Camden Street
host#410,Mr Host 410,410 Camden Street
host#411,Mr Host 411,411 Camden Street
host#412,Mr Host 412,412 Camden Street
host#413,Mr Host 413,413 Camden Street
host#414,Mr Host 414,414 Camden Street
host#415,Mr Host 415,415 Camden Street
host#416,Mr Host 416,416 Camden Street
host#417,Mr Host 417,417 Camden Street
host#418,Mr Host 418,418 Camden Street
host#419,Mr Host 419,419 Camden Street
host#420,Mr Host 420,420 Camden Street
host#421,Mr Host 421,421 Camden Street
host#422,Mr Host 422,422 Camden Street
host#423,Mr Host 423,423 Camden Street
host#424,Mr Host 424,424 Camden Street
host#425,Mr Host 425,425 Camden Street
host#426,Mr Host 426,426 Camden Street
host#427,Mr Host 427,427 Camden Street
host#428,Mr Host 428,428 Camden Street
host#429,Mr Host 429,429 Camden Street
host#430,Mr Host 430,430 Camden Street
host#431,Mr Host 431,431 Camden Street
host#432,Mr Host 432,432 Camden Street
host#433,Mr Host 433,433 Camden Street
host#434,Mr Host 434,434 Camden Street
host#435,Mr Host 435,435 Camden Street
host#436,Mr Host 436,436 Camden Street
host#437,Mr Host 437,437 Camden Street
host#438,Mr Host 438,438 Camden Street
host#439,Mr Host 439,439 Camden Street
host#440,Mr Host 440,440 Camden Street
host#441,Mr Host 441,441 Camden Street
host#442,Mr Host 442,442 Camden Street
host#443,Mr Host 443,443 Camden Street
host#444,Mr Host 444,444 Camden Street
host#445,Mr Host 445,445 Camden Street
host#446,Mr Host 446,446 Camden Street
host#447,Mr Host 447,447 Camden Street
host#448,Mr Host 448,448 Camden Street
host#449,Mr Host 449,449 Camden Street
host#450,Mr Host 450,450 Camden Street
host#451,Mr Host 451,451 Camden Street
host#452,Mr Host 452,452 Camden Street
host#453,Mr Host 453,453 Camden Street
host#454,Mr Host 454,454 Camden Street
host#455,Mr Host 455,455 Camden Street
host#456,Mr Host 456,456 Camden Street
host#457,Mr Host 457,457 Camden Street
host#458,Mr Host 458,458 Camden Street
host#459,Mr Host 459,459 Camden Street
host#460,Mr Host 460,460 Camden Street
host#461,Mr Host 461,461 Camden Street
host#462,Mr Host 462,462 Camden Street
host#463,Mr Host 463,463 Camden Street
host#464,Mr Host 464,464 Camden Street
host#465,Mr Host 465,465 Camden Street
host#466,Mr Host 466,466 Camden Street
host#467,Mr Host 467,467 Camden Street
host#468,Mr Host 468,468 Camden Street
host#469,Mr Host 469,469 Camden Street
host#470,Mr Host 470,470 Camden Street
host#471,Mr Host 471,471 Camden Street
host#472,Mr Host 472,472 Camden Street
host#473,Mr Host 473,473 Camden Street
host#474,Mr Host 474,474 Camden Street
host#475,Mr Host 475,475 Camden Street
host#476,Mr Host 476,476 Camden Street
host#477,Mr Host 477,477 Camden Street
host#478,Mr Host 478,478 Camden Street
host#479,Mr Host 479,479 Camden Street
host#480,Mr Host 480,480 Camden Street
host#481,Mr Host 481,481 Camden Street
host#482,Mr Host 482,482 Camden Street
host#483,Mr Host 483,483 Camden Street
host#484,Mr Host 484,484 Camden Street
host#485,Mr Host 485,485 Camden Street
host#486,Mr Host 486,486 Camden Street
host#487,Mr Host 487,487 Camden Street
host#488,Mr Host 488,488 Camden Street
host#489,Mr Host 489,489 Camden Street
host#490,Mr Host 490,490 Camden Street
host#491,Mr Host 491,491 Camden Street
host#492,Mr Host 492,492 Camden Street
host#493,Mr Host 493,493 Camden Street
host#494,Mr Host 494,494 Camden Street
host#495,Mr Host 495,495 Camden Street
host#496,Mr Host 496,496 Camden Street
host#497,Mr Host 497,497 Camden Street
host#498,Mr Host 498,498 Camden Street
host#499,Mr Host 499,499 Camden Street
host#500,Mr Host 500,500 Camden Street
host#501,Mr Host 501,501 Camden Street
host#502,Mr Host 502,502 Camden Street
host#503,Mr Host 503,503 Camden Street
host#504,Mr Host 504,504 Camden Street
host#505,Mr Host 505,505 Camden Street
host#506,Mr Host 506,506 Camden Street
host#507,Mr Host 507,507 Camden Street
host#508,Mr Host 508,508 Camden Street
host#509,Mr Host 509,509 Camden Street
host#510,Mr Host 510,510 Camden Street
host#511,Mr Host 511,511 Camden Street
host#512,Mr Host 512,512 Camden Street
host#513,Mr Host 513,513 Camden Street
host#514,Mr Host 514,514 Camden Street
host#515,Mr Host 515,515 Camden Street
host#516,Mr Host 516,516 Camden Street
host#517,Mr Host 517,517 Camden Street
host#518,Mr Host 518,518 Camden Street
host#519,Mr Host 519,519 Camden Street
host#520,Mr Host 520,520 Camden Street
host#521,Mr Host 521,521 Camden Street
host#522,Mr Host 522,522 Camden Street
host#523,Mr Host 523,523 Camden Street
host#524,Mr Host 524,524 Camden Street
host#525,Mr Host 525,525 Camden Street
host#526,Mr Host 526,526 Camden Street
host#527,Mr Host 527,527 Camden Street
host#528,Mr Host 528,528 Camden Street
host#529,Mr Host 529,529 Camden Street
host#530,Mr Host 530,530 Camden Street
host#531,Mr Host 531,531 Camden Street
host#532,Mr Host 532,532 Camden Street
host#533,Mr Host 533,533 Camden Street
host#534,Mr Host 534,534 Camden Street
host#535,Mr Host 535,535 Camden Street
host#536,Mr Host 536,536 Camden Street
host#537,Mr Host 537,537 Camden Street
host#538,Mr Host 538,538 Camden Street
host#539,Mr Host 539,539 Camden Street
host#540,Mr Host 540,540 Camden Street
host#541,Mr Host 541,541 Camden Street
host#542,Mr Host 542,542 Camden Street
host#543,Mr Host 543,543 Camden Street
host#544,Mr Host 544,544 Camden Street
host#545,Mr Host 545,545 Camden Street
host#546,Mr Host 546,546 Camden Street
host#547,Mr Host 547,547 Camden Street
host#548,Mr Host 548,548 Camden Street
host#549,Mr Host 549,549 Camden Street
host#550,Mr Host 550,550 Camden Street
host#551,Mr Host 551,551 Camden Street
host#552,Mr Host 552,552 Camden Street
host#553,Mr Host 553,553 Camden Street
host#554,Mr Host 554,554 Camden Street
host#555,Mr Host 555,555 Camden Street
host#556,Mr Host 556,556 Camden Street
host#557,Mr Host 557,557 Camden Street
host#558,Mr Host 558,558 Camden Street
host#559,Mr Host 559,559 Camden Street
host#560,Mr Host 560,560 Camden Street
host#561,Mr Host 561,561 Camden Street
host#562,Mr Host 562,562 Camden Street
host#563,Mr Host 563,563 Camden Street
host#564,Mr Host 564,564 Camden Street
host#565,Mr Host 565,565 Camden Street
host#566,Mr Host 566,566 Camden Street
host#567,Mr Host 567,567 Camden Street
host#568,Mr Host 568,568 Camden Street
host#569,Mr Host 569,569 Camden Street
host#570,Mr Host 570,570 Camden Street
host#571,Mr Host 571,571 Camden Street
host#572,Mr Host 572,572 Camden Street
host#573,Mr Host 573,573 Camden Street
host#574,Mr Host 574,574 Camden Street
host#575,Mr Host 575,575 Camden Street
host#576,Mr Host 576,576 Camden Street
host#577,Mr Host 577,577 Camden Street
host#578,Mr Host 578,578 Camden Street
host#579,Mr Host 579,579 Camden Street
host#580,Mr Host 580,580 Camden Street
host#581,Mr Host 581,581 Camden Street
host#582,Mr Host 582,582 Camden Street
host#583,Mr Host 583,583 Camden Street
host#584,Mr Host 584,584 Camden Street
host#585,Mr Host 585,585 Camden Street
host#586,Mr Host 586,586 Camden Street
host#587,Mr Host 587,587 Camden Street
host#588,Mr Host 588,588 Camden Street
host#589,Mr Host 589,589 Camden Street
host#590,Mr Host 590,590 Camden Street
host#591,Mr Host 591,591 Camden Street
host#592,Mr Host 592,592 Camden Street
host#593,Mr Host 593,593 Camden Street
host#594,Mr Host 594,594 Camden Street
host#595,Mr Host 595,595 Camden Street
host#596,Mr Host 596,596 Camden Street
host#597,Mr Host 597,597 Camden Street
host#598,Mr Host 598,598 Camden Street
host#599,Mr Host 599,599 Camden Street
host#600,Mr Host 600,600 Camden Street
host#601,Mr Host 601,601 Camden Street
host#602,Mr Host 602,602 Camden Street
host#603,Mr Host 603,603 Camden Street
host#604,Mr Host 604,604 Camden Street
host#605,Mr Host 605,605 Camden Street
host#606,Mr Host 606,606 Camden Street
host#607,Mr Host 607,607 Camden Street
host#608,Mr Host 608,608 Camden Street
host#609,Mr Host 609,609 Camden Street
host#610,Mr Host 610,610 Camden Street
host#611,Mr Host 611,611 Camden Street
host#612,Mr Host 612,612 Camden Street
host#613,Mr Host 613,613 Camden Street
host#614,Mr Host 614,614 Camden Street
host#615,Mr Host 615,615 Camden Street
host#616,Mr Host 616,616 Camden Street
host#617,Mr Host 617,617 Camden Street
host#618,Mr Host 618,618 Camden Street
host#619,Mr Host 619,619 Camden Street
host#620,Mr Host 620,620 Camden Street
host#621,Mr Host 621,621 Camden Street
host#622,Mr Host 622,622 Camden Street
host#623,Mr Host 623,623 Camden Street
host#624,Mr Host 624,624 Camden Street
host#625,Mr Host 625,625 Camden Street
host#626,Mr Host 626,626 Camden Street
host#627,Mr Host 627,627 Camden Street
host#628,Mr Host 628,628 Camden Street
host#629,Mr Host 629,629 Camden Street
host#630,Mr Host 630,630 Camden Street
host#631,Mr Host 631,631 Camden Street
host#632,Mr Host 632,632 Camden Street
host#633,Mr Host 633,633 Camden Street
host#634,Mr Host 634,634 Camden Street
host#635,Mr Host 635,635 Camden Street
host#636,Mr Host 636,636 Camden Street
host#637,Mr Host 637,637 Camden Street
host#638,Mr Host 638,638 Camden Street
host#639,Mr Host 639,639 Camden Street
host#640,Mr Host 640,640 Camden Street
host#641,Mr Host 641,641 Camden Street
host#642,Mr Host 642,642 Camden Street
host#643,Mr Host 643,643 Camden Street
host#644,Mr Host 644,644 Camden Street
host#645,Mr Host 645,645 Camden Street
host#646,Mr Host 646,646 Camden Street
host#647,Mr Host 647,647 Camden Street
host#648,Mr Host 648,648 Camden Street
host#649,Mr Host 649,649 Camden Street
host#650,Mr Host 650,650 Camden Street
host#651,Mr Host 651,651 Camden Street
host#652,Mr Host 652,652 Camden Street
host#653,Mr Host 653,653 Camden Street
host#654,Mr Host 654,654 Camden Street
host#655,Mr Host 655,655 Camden Street
host#656,Mr Host 656,656 Camden Street
host#657,Mr Host 657,657 Camden Street
host#658,Mr Host 658,658 Camden Street
host#659,Mr Host 659,659 Camden Street
host#660,Mr Host 660,660 Camden Street
host#661,Mr Host 661,661 Camden Street
host#662,Mr Host 662,662 Camden Street
host#663,Mr Host 663,663 Camden Street
host#664,Mr Host 664,664 Camden Street
host#665,Mr Host 665,665 Camden Street
host#666,Mr Host 666,666 Camden Street
host#667,Mr Host 667,667 Camden Street
host#668,Mr Host 668,668 Camden Street
host#669,Mr Host 669,669 Camden Street
host#670,Mr Host 670,670 Camden Street
host#671,Mr Host 671,671 Camden Street
host#672,Mr Host 672,672 Camden Street
host#673,Mr Host 673,673 Camden Street
host#674,Mr Host 674,674 Camden Street
host#675,Mr Host 675,675 Camden Street
host#676,Mr Host 676,676 Camden Street
host#677,Mr Host 677,677 Camden Street
host#678,Mr Host 678,678 Camden Street
host#679,Mr Host 679,679 Camden Street
host#680,Mr Host 680,680 Camden Street
host#681,Mr Host 681,681 Camden Street
host#682,Mr Host 682,682 Camden Street
host#683,Mr Host 683,683 Camden Street
host#684,Mr Host 684,684 Camden Street
host#685,Mr Host 685,685 Camden Street
host#686,Mr Host 686,686 Camden Street
host#687,Mr Host 687,687 Camden Street
host#688,Mr Host 688,688 Camden Street
host#689,Mr Host 689,689 Camden Street
host#690,Mr Host 690,690 Camden Street
host#691,Mr Host 691,691 Camden Street
host#692,Mr Host 692,692 Camden Street
host#693,Mr Host 693,693 Camden Street
host#694,Mr Host 694,694 Camden Street
host#695,Mr Host 695,695 Camden Street
host#696,Mr Host 696,696 Camden Street
host#697,Mr Host 697,697 Camden Street
host#698,Mr Host 698,698 Camden Street
host#699,Mr Host 699,699 Camden Street
host#700,Mr Host 700,700 Camden Street
host#701,Mr Host 701,701 Camden Street
host#702,Mr Host 702,702 Camden Street
host#703,Mr Host 703,703 Camden Street
host#704,Mr Host 704,704 Camden Street
host#705,Mr Host 705,705 Camden Street
host#706,Mr Host 706,706 Camden Street
host#707,Mr Host 707,707 Camden Street
host#708,Mr Host 708,708 Camden Street
host#709,Mr Host 709,709 Camden Street
host#710,Mr Host 710,710 Camden Street
host#711,Mr Host 711,711 Camden Street
host#712,Mr Host 712,712 Camden Street
host#713,Mr Host 713,713 Camden Street
host#714,Mr Host 714,714 Camden Street
host#715,Mr Host 715,715 Camden Street
host#716,Mr Host 716,716 Camden Street
host#717,Mr Host 717,717 Camden Street
host#718,Mr Host 718,718 Camden Street
host#719,Mr Host 719,719 Camden Street
host#720,Mr Host 720,720 Camden Street
host#721,Mr Host 721,721 Camden Street
host#722,Mr Host 722,722 Camden Street
host#723,Mr Host 723,723 Camden Street
host#724,Mr Host 724,724 Camden Street
host#725,Mr Host 725,725 Camden Street
host#726,Mr Host 726,726 Camden Street
host#727,Mr Host 727,727 Camden Street
host#728,Mr Host 728,728 Camden Street
host#729,Mr Host 729,729 Camden Street
host#730,Mr Host 730,730 Camden Street
host#731,Mr Host 731,731 Camden Street
host#732,Mr Host 732,732 Camden Street
host#733,Mr Host 733,733 Camden Street
host#734,Mr Host 734,734 Camden Street
host#735,Mr Host 735,735 Camden Street
host#736,Mr Host 736,736 Camden Street
host#737,Mr Host 737,737 Camden Street
host#738,Mr Host 738,738 Camden Street
host#739,Mr Host 739,739 Camden Street
host#740,Mr Host 740,740 Camden Street
host#741,Mr Host 741,741 Camden Street
host#742,Mr Host 742,742 Camden Street
host#743,Mr Host 743,743 Camden Street
host#744,Mr Host 744,744 Camden Street
host#745,Mr Host 745,745 Camden Street
host#746,Mr Host 746,746 Camden Street
host#747,Mr Host 747,747 Camden Street
host#748,Mr Host 748,748 Camden Street
host#749,Mr Host 749,749 Camden Street
host#750,Mr Host 750,750 Camden Street
host#751,Mr Host 751,751 Camden Street
host#752,Mr Host 752,752 Camden Street
host#753,Mr Host 753,753 Camden Street
host#754,Mr Host 754,754 Camden Street
host#755,Mr Host 755,755 Camden Street
host#756,Mr Host 756,756 Camden Street
host#757,Mr Host 757,757 Camden Street
host#758,Mr Host 758,758 Camden Street
host#759,Mr Host 759,759 Camden Street
host#760,Mr Host 760,760 Camden Street
host#761,Mr Host 761,761 Camden Street
host#762,Mr Host 762,762 Camden Street
host#763,Mr Host 763,763 Camden Street
host#764,Mr Host 764,764 Camden Street
host#765,Mr Host 765,765 Camden Street
host#766,Mr Host 766,766 Camden Street
host#767,Mr Host 767,767 Camden Street
host#768,Mr Host 768,768 Camden Street
host#769,Mr Host 769,769 Camden Street
host#770,Mr Host 770,770 Camden Street
host#771,Mr Host 771,771 Camden Street
host#772,Mr Host 772,772 Camden Street
host#773,Mr Host 773,773 Camden Street
host#774,Mr Host 774,774 Camden Street
host#775,Mr Host 775,775 Camden Street
host#776,Mr Host 776,776 Camden Street
host#777,Mr Host 777,777 Camden Street
host#778,Mr Host 778,778 Camden Street
host#779,Mr Host 779,779 Camden Street
host#780,Mr Host 780,780 Camden Street
host#781,Mr Host 781,781 Camden Street
host#782,Mr Host 782,782 Camden Street
host#783,Mr Host 783,783 Camden Street
host#784,Mr Host 784,784 Camden Street
host#785,Mr Host 785,785 Camden Street
host#786,Mr Host 786,786 Camden Street
host#787,Mr Host 787,787 Camden Street
host#788,Mr Host 788,788 Camden Street
host#789,Mr Host 789,789 Camden Street
host#790,Mr Host 790,790 Camden Street
host#791,Mr Host 791,791 Camden Street
host#792,Mr Host 792,792 Camden Street
host#793,Mr Host 793,793 Camden Street
host#794,Mr Host 794,794 Camden Street
host#795,Mr Host 795,795 Camden Street
host#796,Mr Host 796,796 Camden Street
host#797,Mr Host 797,797 Camden Street
host#798,Mr Host 798,798 Camden Street
host#799,Mr Host 799,799 Camden Street
host#800,Mr Host 800,800 Camden Street
host#801,Mr Host 801,801 Camden Street
host#802,Mr Host 802,802 Camden Street
host#803,Mr Host 803,803 Camden Street
host#804,Mr Host 804,804 Camden Street
host#805,Mr Host 805,805 Camden Street
host#806,Mr Host 806,806 Camden Street
host#807,Mr Host 807,807 Camden Street
host#808,Mr Host 808,808 Camden Street
host#809,Mr Host 809,809 Camden Street
host#810,Mr Host 810,810 Camden Street
host#811,Mr Host 811,811 Camden Street
host#812,Mr Host 812,812 Camden Street
host#813,Mr Host 813,813 Camden Street
host#814,Mr Host 814,814 Camden Street
host#815,Mr Host 815,815 Camden Street
host#816,Mr Host 816,816 Camden Street
host#817,Mr Host 817,817 Camden Street
host#818,Mr Host 818,818 Camden Street
host#819,Mr Host 819,819 Camden Street
host#820,Mr Host 820,820 Camden Street
host#821,Mr Host 821,821 Camden Street
host#822,Mr Host 822,822 Camden Street
host#823,Mr Host 823,823 Camden Street
host#824,Mr Host 824,824 Camden Street
host#825,Mr Host 825,825 Camden Street
host#826,Mr Host 826,826 Camden Street
host#827,Mr Host 827,827 Camden Street
host#828,Mr Host 828,828 Camden Street
host#829,Mr Host 829,829 Camden Street
host#830,Mr Host 830,830 Camden Street
host#831,Mr Host 831,831 Camden Street
host#832,Mr Host 832,832 Camden Street
host#833,Mr Host 833,833 Camden Street
host#834,Mr Host 834,834 Camden Street
host#835,Mr Host 835,835 Camden Street
host#836,Mr Host 836,836 Camden Street
host#837,Mr Host 837,837 Camden Street
host#838,Mr Host 838,838 Camden Street
host#839,Mr Host 839,839 Camden Street
host#840,Mr Host 840,840 Camden Street
host#841,Mr Host 841,841 Camden Street
host#842,Mr Host 842,842 Camden Street
host#843,Mr Host 843,843 Camden Street
host#844,Mr Host 844,844 Camden Street
host#845,Mr Host 845,845 Camden Street
host#846,Mr Host 846,846 Camden Street
host#847,Mr Host 847,847 Camden Street
host#848,Mr Host 848,848 Camden Street
host#849,Mr Host 849,849 Camden Street
host#850,Mr Host 850,850 Camden Street
host#851,Mr Host 851,851 Camden Street
host#852,Mr Host 852,852 Camden Street
host#853,Mr Host 853,853 Camden Street
host#854,Mr Host 854,854 Camden Street
host#855,Mr Host 855,855 Camden Street
host#856,Mr Host 856,856 Camden Street
host#857,Mr Host 857,857 Camden Street
host#858,Mr Host 858,858 Camden Street
host#859,Mr Host 859,859 Camden Street
host#860,Mr Host 860,860 Camden Street
host#861,Mr Host 861,861 Camden Street
host#862,Mr Host 862,862 Camden Street
host#863,Mr Host 863,863 Camden Street
host#864,Mr Host 864,864 Camden Street
host#865,Mr Host 865,865 Camden Street
host#866,Mr Host 866,866 Camden Street
host#867,Mr Host 867,867 Camden Street
host#868,Mr Host 868,868 Camden Street
host#869,Mr Host 869,869 Camden Street
host#870,Mr Host 870,870 Camden Street
host#871,Mr Host 871,871 Camden Street
host#872,Mr Host 872,872 Camden Street
host#873,Mr Host 873,873 Camden Street
host#874,Mr Host 874,874 Camden Street
host#875,Mr Host 875,875 Camden Street
host#876,Mr Host 876,876 Camden Street
host#877,Mr Host 877,877 Camden Street
host#878,Mr Host 878,878 Camden Street
host#879,Mr Host 879,879 Camden Street
host#880,Mr Host 880,880 Camden Street
host#881,Mr Host 881,881 Camden Street
host#882,Mr Host 882,882 Camden Street
host#883,Mr Host 883,883 Camden Street
host#884,Mr Host 884,884 Camden Street
host#885,Mr Host 885,885 Camden Street
host#886,Mr Host 886,886 Camden Street
host#887,Mr Host 887,887 Camden Street
host#888,Mr Host 888,888 Camden Street
host#889,Mr Host 889,889 Camden Street
host#890,Mr Host 890,890 Camden Street
host#891,Mr Host 891,891 Camden Street
host#892,Mr Host 892,892 Camden Street
host#893,Mr Host 893,893 Camden Street
host#894,Mr Host 894,894 Camden Street
host#895,Mr Host 895,895 Camden Street
host#896,Mr Host 896,896 Camden Street
host#897,Mr Host 897,897 Camden Street
host#898,Mr Host 898,898 Camden Street
host#899,Mr Host 899,899 Camden Street
host#900,Mr Host 900,900 Camden Street
host#901,Mr Host 901,901 Camden Street
host#902,Mr Host 902,902 Camden Street
host#903,Mr Host 903,903 Camden Street
host#904,Mr Host 904,904 Camden Street
host#905,Mr Host 905,905 Camden Street
host#906,Mr Host 906,906 Camden Street
host#907,Mr Host 907,907 Camden Street
host#908,Mr Host 908,908 Camden Street
host#909,Mr Host 909,909 Camden Street
host#910,Mr Host 910,910 Camden Street
host#911,Mr Host 911,911 Camden Street
host#912,Mr Host 912,912 Camden Street
host#913,Mr Host 913,913 Camden Street
host#914,Mr Host 914,914 Camden Street
host#915,Mr Host 915,915 Camden Street
host#916,Mr Host 916,916 Camden Street
host#917,Mr Host 917,917 Camden Street
host#918,Mr Host 918,918 Camden Street
host#919,Mr Host 919,919 Camden Street
host#920,Mr Host 920,920 Camden Street
host#921,Mr Host 921,921 Camden Street
host#922,Mr Host 922,922 Camden Street
host#923,Mr Host 923,923 Camden Street
host#924,Mr Host 924,924 Camden Street
host#925,Mr Host 925,925 Camden Street
host#926,Mr Host 926,926 Camden Street
host#927,Mr Host 927,927 Camden Street
host#928,Mr Host 928,928 Camden Street
host#929,Mr Host 929,929 Camden Street
host#930,Mr Host 930,930 Camden Street
host#931,Mr Host 931,931 Camden Street
host#932,Mr Host 932,932 Camden Street
host#933,Mr Host 933,933 Camden Street
host#934,Mr Host 934,934 Camden Street
host#935,Mr Host 935,935 Camden Street
host#936,Mr Host 936,936 Camden Street
host#937,Mr Host 937,937 Camden Street
host#938,Mr Host 938,938 Camden Street
host#939,Mr Host 939,939 Camden Street
host#940,Mr Host 940,940 Camden Street
host#941,Mr Host 941,941 Camden Street
host#942,Mr Host 942,942 Camden Street
host#943,Mr Host 943,943 Camden Street
host#944,Mr Host 944,944 Camden Street
host#945,Mr Host 945,945 Camden Street
host#946,Mr Host 946,946 Camden Street
host#947,Mr Host 947,947 Camden Street
host#948,Mr Host 948,948 Camden Street
host#949,Mr Host 949,949 Camden Street
host#950,Mr Host 950,950 Camden Street
host#951,Mr Host 951,951 Camden Street
host#952,Mr Host 952,952 Camden Street
host#953,Mr Host 953,953 Camden Street
host#954,Mr Host 954,954 Camden Street
host#955,Mr Host 955,955 Camden Street
host#956,Mr Host 956,956 Camden Street
host#957,Mr Host 957,957 Camden Street
host#958,Mr Host 958,958 Camden Street
host#959,Mr Host 959,959 Camden Street
host#960,Mr Host 960,960 Camden Street
host#961,Mr Host 961,961 Camden Street
host#962,Mr Host 962,962 Camden Street
host#963,Mr Host 963,963 Camden Street
host#964,Mr Host 964,964 Camden Street
host#965,Mr Host 965,965 Camden Street
host#966,Mr Host 966,966 Camden Street
host#967,Mr Host 967,967 Camden Street
host#968,Mr Host 968,968 Camden Street
host#969,Mr Host 969,969 Camden Street
host#970,Mr Host 970,970 Camden Street
host#971,Mr Host 971,971 Camden Street
host#972,Mr Host 972,972 Camden Street
host#973,Mr Host 973,973 Camden Street
host#974,Mr Host 974,974 Camden Street
host#975,Mr Host 975,975 Camden Street
host#976,Mr Host 976,976 Camden Street
host#977,Mr Host 977,977 Camden Street
host#978,Mr Host 978,978 Camden Street
host#979,Mr Host 979,979 Camden Street
host#980,Mr Host 980,980 Camden Street
host#981,Mr Host 981,981 Camden Street
host#982,Mr Host 982,982 Camden Street
host#983,Mr Host 983,983 Camden Street
host#984,Mr Host 984,984 Camden Street
host#985,Mr Host 985,985 Camden Street
host#986,Mr Host 986,986 Camden Street
host#987,Mr Host 987,987 Camden Street
host#988,Mr Host 988,988 Camden Street
host#989,Mr Host 989,989 Camden Street
host#990,Mr Host 990,990 Camden Street
host#991,Mr Host 991,991 Camden Street
host#992,Mr Host 992,992 Camden Street
host#993,Mr Host 993,993 Camden Street
host#994,Mr Host 994,994 Camden Street
host#995,Mr Host 995,995 Camden Street
host#996,Mr Host 996,996 Camden Street
host#997,Mr Host 997,997 Camden Street
host#998,Mr Host 998,998 Camden Street
host#999,Mr Host 999,999 Camden Street
host#1000,Mr Host 1000,1000 Camden Street
host#1001,Mr Host 1001,1001 Camden Street
host#1002,Mr Host 1002,1002 Camden Street
host#1003,Mr Host 1003,1003 Camden Street
host#1004,Mr Host 1004,1004 Camden Street
host#1005,Mr Host 1005,1005 Camden Street
host#1006,Mr Host 1006,1006 Camden Street
host#1007,Mr Host 1007,1007 Camden Street
host#1008,Mr Host 1008,1008 Camden Street
host#1009,Mr Host 1009,1009 Camden Street
host#1010,Mr Host 1010,1010 Camden Street
host#1011,Mr Host 1011,1011 Camden Street
host#1012,Mr Host 1012,1012 Camden Street
host#1013,Mr Host 1013,1013 Camden Street
host#1014,Mr Host 1014,1014 Camden Street
host#1015,Mr Host 1015,1015 Camden Street
host#1016,Mr Host 1016,1016 Camden Street
host#1017,Mr Host 1017,1017 Camden Street
host#1018,Mr Host 1018,1018 Camden Street
host#1019,Mr Host 1019,1019 Camden Street
host#1020,Mr Host 1020,1020 Camden Street
host#1021,Mr Host 1021,1021 Camden Street
host#1022,Mr Host 1022,1022 Camden Street
host#1023,Mr Host 1023,1023 Camden Street
host#1024,Mr Host 1024,1024 Camden Street
host#1025,Mr Host 1025,1025 Camden Street
host#1026,Mr Host 1026,1026 Camden Street
host#1027,Mr Host 1027,1027 Camden Street
host#1028,Mr Host 1028,1028 Camden Street
host#1029,Mr Host 1029,1029 Camden Street
host#1030,Mr Host 1030,1030 Camden Street
host#1031,Mr Host 1031,1031 Camden Street
host#1032,Mr Host 1032,1032 Camden Street
host#1033,Mr Host 1033,1033 Camden Street
host#1034,Mr Host 1034,1034 Camden Street
host#1035,Mr Host 1035,1035 Camden Street
host#1036,Mr Host 1036,1036 Camden Street
host#1037,Mr Host 1037,1037 Camden Street
host#1038,Mr Host 1038,1038 Camden Street
host#1039,Mr Host 1039,1039 Camden Street
host#1040,Mr Host 1040,1040 Camden Street
host#1041,Mr Host 1041,1041 Camden Street
host#1042,Mr Host 1042,1042 Camden Street
host#1043,Mr Host 1043,1043 Camden Street
host#1044,Mr Host 1044,1044 Camden Street
host#1045,Mr Host 1045,1045 Camden Street
host#1046,Mr Host 1046,1046 Camden Street
host#1047,Mr Host 1047,1047 Camden Street
host#1048,Mr Host 1048,1048 Camden Street
host#1049,Mr Host 1049,1049 Camden Street
host#1050,Mr Host 1050,1050 Camden Street
host#1051,Mr Host 1051,1051 Camden Street
host#1052,Mr Host 1052,1052 Camden Street
host#1053,Mr Host 1053,1053 Camden Street
host#1054,Mr Host 1054,1054 Camden Street
host#1055,Mr Host 1055,1055 Camden Street
host#1056,Mr Host 1056,1056 Camden Street
host#1057,Mr Host 1057,1057 Camden Street
host#1058,Mr Host 1058,1058 Camden Street
host#1059,Mr Host 1059,1059 Camden Street
host#1060,Mr Host 1060,1060 Camden Street
host#1061,Mr Host 1061,1061 Camden Street
host#1062,Mr Host 1062,1062 Camden Street
host#1063,Mr Host 1063,1063 Camden Street
host#1064,Mr Host 1064,1064 Camden Street
host#1065,Mr Host 1065,1065 Camden Street
host#1066,Mr Host 1066,1066 Camden Street
host#1067,Mr Host 1067,1067 Camden Street
host#1068,Mr Host 1068,1068 Camden Street
host#1069,Mr Host 1069,1069 Camden Street
host#1070,Mr Host 1070,1070 Camden Street
host#1071,Mr Host 1071,1071 Camden Street
host#1072,Mr Host 1072,1072 Camden Street
host#1073,Mr Host 1073,1073 Camden Street
host#1074,Mr Host 1074,1074 Camden Street
host#1075,Mr Host 1075,1075 Camden Street
host#1076,Mr Host 1076,1076 Camden Street
host#1077,Mr Host 1077,1077 Camden Street
host#1078,Mr Host 1078,1078 Camden Street
host#1079,Mr Host 1079,1079 Camden Street
host#1080,Mr Host 1080,1080 Camden Street
host#1081,Mr Host 1081,1081 Camden Street
host#1082,Mr Host 1082,1082 Camden Street
host#1083,Mr Host 1083,1083 Camden Street
host#1084,Mr Host 1084,1084 Camden Street
host#1085,Mr Host 1085,1085 Camden Street
host#1086,Mr Host 1086,1086 Camden Street
host#1087,Mr Host 1087,1087 Camden Street
host#1088,Mr Host 1088,1088 Camden Street
host#1089,Mr Host 1089,1089 Camden Street
host#1090,Mr Host 1090,1090 Camden Street
host#1091,Mr Host 1091,1091 Camden Street
host#1092,Mr Host 1092,1092 Camden Street
host#1093,Mr Host 1093,1093 Camden Street
host#1094,Mr Host 1094,1094 Camden Street
host#1095,Mr Host 1095,1095 Camden Street
host#1096,Mr Host 1096,1096 Camden Street
host#1097,Mr Host 1097,1097 Camden Street
host#1098,Mr Host 1098,1098 Camden Street
host#1099,Mr Host 1099,1099 Camden Street
host#1100,Mr Host 1100,1100 Camden Street
host#1101,Mr Host 1101,1101 Camden Street
host#1102,Mr Host 1102,1102 Camden Street
host#1103,Mr Host 1103,1103 Camden Street
host#1104,Mr Host 1104,1104 Camden Street
host#1105,Mr Host 1105,1105 Camden Street
host#1106,Mr Host 1106,1106 Camden Street
host#1107,Mr Host 1107,1107 Camden Street
host#1108,Mr Host 1108,1108 Camden Street
host#1109,Mr Host 1109,1109 Camden Street
host#1110,Mr Host 1110,1110 Camden Street
host#1111,Mr Host 1111,1111 Camden Street
host#1112,Mr Host 1112,1112 Camden Street
host#1113,Mr Host 1113,1113 Camden Street
host#1114,Mr Host 1114,1114 Camden Street
host#1115,Mr Host 1115,1115 Camden Street
host#1116,Mr Host 1116,1116 Camden Street
host#1117,Mr Host 1117,1117 Camden Street
host#1118,Mr Host 1118,1118 Camden Street
host#1119,Mr Host 1119,1119 Camden Street
host#1120,Mr Host 1120,1120 Camden Street
host#1121,Mr Host 1121,1121 Camden Street
host#1122,Mr Host 1122,1122 Camden Street
host#1123,Mr Host 1123,1123 Camden Street
host#1124,Mr Host 1124,1124 Camden Street
host#1125,Mr Host 1125,1125 Camden Street
host#1126,Mr Host 1126,1126 Camden Street
host#1127,Mr Host 1127,1127 Camden Street
host#1128,Mr Host 1128,1128 Camden Street
host#1129,Mr Host 1129,1129 Camden Street
host#1130,Mr Host 1130,1130 Camden Street
host#1131,Mr Host 1131,1131 Camden Street
host#1132,Mr Host 1132,1132 Camden Street
host#1133,Mr Host 1133,1133 Camden Street
host#1134,Mr Host 1134,1134 Camden Street
host#1135,Mr Host 1135,1135 Camden Street
host#1136,Mr Host 1136,1136 Camden Street
host#1137,Mr Host 1137,1137 Camden Street
host#1138,Mr Host 1138,1138 Camden Street
host#1139,Mr Host 1139,1139 Camden Street
host#1140,Mr Host 1140,1140 Camden Street
host#1141,Mr Host 1141,1141 Camden Street
host#1142,Mr Host 1142,1142 Camden Street
host#1143,Mr Host 1143,1143 Camden Street
host#1144,Mr Host 1144,1144 Camden Street
host#1145,Mr Host 1145,1145 Camden Street
host#1146,Mr Host 1146,1146 Camden Street
host#1147,Mr Host 1147,1147 Camden Street
host#1148,Mr Host 1148,1148 Camden Street
host#1149,Mr Host 1149,1149 Camden Street
host#1150,Mr Host 1150,1150 Camden Street
host#1151,Mr Host 1151,1151 Camden Street
host#1152,Mr Host 1152,1152 Camden Street
host#1153,Mr Host 1153,1153 Camden Street
host#1154,Mr Host 1154,1154 Camden Street
host#1155,Mr Host 1155,1155 Camden Street
host#1156,Mr Host 1156,1156 Camden Street
host#1157,Mr Host 1157,1157 Camden Street
host#1158,Mr Host 1158,1158 Camden Street
host#1159,Mr Host 1159,1159 Camden Street
host#1160,Mr Host 1160,1160 Camden Street
host#1161,Mr Host 1161,1161 Camden Street
host#1162,Mr Host 1162,1162 Camden Street
host#1163,Mr Host 1163,1163 Camden Street
host#1164,Mr Host 1164,1164 Camden Street
host#1165,Mr Host 1165,1165 Camden Street
host#1166,Mr Host 1166,1166 Camden Street
host#1167,Mr Host 1167,1167 Camden Street
host#1168,Mr Host 1168,1168 Camden Street
host#1169,Mr Host 1169,1169 Camden Street
host#1170,Mr Host 1170,1170 Camden Street
host#1171,Mr Host 1171,1171 Camden Street
host#1172,Mr Host 1172,1172 Camden Street
host#1173,Mr Host 1173,1173 Camden Street
host#1174,Mr Host 1174,1174 Camden Street
host#1175,Mr Host 1175,1175 Camden Street
host#1176,Mr Host 1176,1176 Camden Street
host#1177,Mr Host 1177,1177 Camden Street
host#1178,Mr Host 1178,1178 Camden Street
host#1179,Mr Host 1179,1179 Camden Street
host#1180,Mr Host 1180,1180 Camden Street
host#1181,Mr Host 1181,1181 Camden Street
host#1182,Mr Host 1182,1182 Camden Street
host#1183,Mr Host 1183,1183 Camden Street
host#1184,Mr Host 1184,1184 Camden Street
host#1185,Mr Host 1185,1185 Camden Street
host#1186,Mr Host 1186,1186 Camden Street
host#1187,Mr Host 1187,1187 Camden Street
host#1188,Mr Host 1188,1188 Camden Street
host#1189,Mr Host 1189,1189 Camden Street
host#1190,Mr Host 1190,1190 Camden Street
host#1191,Mr Host 1191,1191 Camden Street
host#1192,Mr Host 1192,1192 Camden Street
host#1193,Mr Host 1193,1193 Camden Street
host#1194,Mr Host 1194,1194 Camden Street
host#1195,Mr Host 1195,1195 Camden Street
host#1196,Mr Host 1196,1196 Camden Street
host#1197,Mr Host 1197,1197 Camden Street
host#1198,Mr Host 1198,1198 Camden Street
host#1199,Mr Host 1199,1199 Camden Street
host#1200,Mr Host 1200,1200 Camden Street
host#1201,Mr Host 1201,1201 Camden Street
host#1202,Mr Host 1202,1202 Camden Street
host#1203,Mr Host 1203,1203 Camden Street
host#1204,Mr Host 1204,1204 Camden Street
host#1205,Mr Host 1205,1205 Camden Street
host#1206,Mr Host 1206,1206 Camden Street
host#1207,Mr Host 1207,1207 Camden Street
host#1208,Mr Host 1208,1208 Camden Street
host#1209,Mr Host 1209,1209 Camden Street
host#1210,Mr Host 1210,1210 Camden Street
host#1211,Mr Host 1211,1211 Camden Street
host#1212,Mr Host 1212,1212 Camden Street
host#1213,Mr Host 1213,1213 Camden Street
host#1214,Mr Host 1214,1214 Camden Street
host#1215,Mr Host 1215,1215 Camden Street
host#1216,Mr Host 1216,1216 Camden Street
host#1217,Mr Host 1217,1217 Camden Street
host#1218,Mr Host 1218,1218 Camden Street
host#1219,Mr Host 1219,1219 Camden Street
host#1220,Mr Host 1220,1220 Camden Street
host#1221,Mr Host 1221,1221 Camden Street
host#1222,Mr Host 1222,1222 Camden Street
host#1223,Mr Host 1223,1223 Camden Street
host#1224,Mr Host 1224,1224 Camden Street
host#1225,Mr Host 1225,1225 Camden Street
host#1226,Mr Host 1226,1226 Camden Street
host#1227,Mr Host 1227,1227 Camden Street
host#1228,Mr Host 1228,1228 Camden Street
host#1229,Mr Host 1229,1229 Camden Street
host#1230,Mr Host 1230,1230 Camden Street
host#1231,Mr Host 1231,1231 Camden Street
host#1232,Mr Host 1232,1232 Camden Street
host#1233,Mr Host 1233,1233 Camden Street
host#1234,Mr Host 1234,1234 Camden Street
host#1235,Mr Host 1235,1235 Camden Street
host#1236,Mr Host 1236,1236 Camden Street
host#1237,Mr Host 1237,1237 Camden Street
host#1238,Mr Host 1238,1238 Camden Street
host#1239,Mr Host 1239,1239 Camden Street
host#1240,Mr Host 1240,1240 Camden Street
host#1241,Mr Host 1241,1241 Camden Street
host#1242,Mr Host 1242,1242 Camden Street
host#1243,Mr Host 1243,1243 Camden Street
host#1244,Mr Host 1244,1244 Camden Street
host#1245,Mr Host 1245,1245 Camden Street
host#1246,Mr Host 1246,1246 Camden Street
host#1247,Mr Host 1247,1247 Camden Street
host#1248,Mr Host 1248,1248 Camden Street
host#1249,Mr Host 1249,1249 Camden Street
host#1250,Mr Host 1250,1250 Camden Street
host#1251,Mr Host 1251,1251 Camden Street
host#1252,Mr Host 1252,1252 Camden Street
host#1253,Mr Host 1253,1253 Camden Street
host#1254,Mr Host 1254,1254 Camden Street
host#1255,Mr Host 1255,1255 Camden Street
host#1256,Mr Host 1256,1256 Camden Street
host#1257,Mr Host 1257,1257 Camden Street
host#1258,Mr Host 1258,1258 Camden Street
host#1259,Mr Host 1259,1259 Camden Street
host#1260,Mr Host 1260,1260 Camden Street
host#1261,Mr Host 1261,1261 Camden Street
host#1262,Mr Host 1262,1262 Camden Street
host#1263,Mr Host 1263,1263 Camden Street
host#1264,Mr Host 1264,1264 Camden Street
host#1265,Mr Host 1265,1265 Camden Street
host#1266,Mr Host 1266,1266 Camden Street
host#1267,Mr Host 1267,1267 Camden Street
host#1268,Mr Host 1268,1268 Camden Street
host#1269,Mr Host 1269,1269 Camden Street
host#1270,Mr Host 1270,1270 Camden Street
host#1271,Mr Host 1271,1271 Camden Street
host#1272,Mr Host 1272,1272 Camden Street
host#1273,Mr Host 1273,1273 Camden Street
host#1274,Mr Host 1274,1274 Camden Street
host#1275,Mr Host 1275,1275 Camden Street
host#1276,Mr Host 1276,1276 Camden Street
host#1277,Mr Host 1277,1277 Camden Street
host#1278,Mr Host 1278,1278 Camden Street
host#1279,Mr Host 1279,1279 Camden Street
host#1280,Mr Host 1280,1280 Camden Street
host#1281,Mr Host 1281,1281 Camden Street
host#1282,Mr Host 1282,1282 Camden Street
host#1283,Mr Host 1283,1283 Camden Street
host#1284,Mr Host 1284,1284 Camden Street
host#1285,Mr Host 1285,1285 Camden Street
host#1286,Mr Host 1286,1286 Camden Street
host#1287,Mr Host 1287,1287 Camden Street
host#1288,Mr Host 1288,1288 Camden Street
host#1289,Mr Host 1289,1289 Camden Street
host#1290,Mr Host 1290,1290 Camden Street
host#1291,Mr Host 1291,1291 Camden Street
host#1292,Mr Host 1292,1292 Camden Street
host#1293,Mr Host 1293,1293 Camden Street
host#1294,Mr Host 1294,1294 Camden Street
host#1295,Mr Host 1295,1295 Camden Street
host#1296,Mr Host 1296,1296 Camden Street
host#1297,Mr Host 1297,1297 Camden Street
host#1298,Mr Host 1298,1298 Camden Street
host#1299,Mr Host 1299,1299 Camden Street
host#1300,Mr Host 1300,1300 Camden Street
host#1301,Mr Host 1301,1301 Camden Street
host#1302,Mr Host 1302,1302 Camden Street
host#1303,Mr Host 1303,1303 Camden Street
host#1304,Mr Host 1304,1304 Camden Street
host#1305,Mr Host 1305,1305 Camden Street
host#1306,Mr Host 1306,1306 Camden Street
host#1307,Mr Host 1307,1307 Camden Street
host#1308,Mr Host 1308,1308 Camden Street
host#1309,Mr Host 1309,1309 Camden Street
host#1310,Mr Host 1310,1310 Camden Street
host#1311,Mr Host 1311,1311 Camden Street
host#1312,Mr Host 1312,1312 Camden Street
host#1313,Mr Host 1313,1313 Camden Street
host#1314,Mr Host 1314,1314 Camden Street
host#1315,Mr Host 1315,1315 Camden Street
host#1316,Mr Host 1316,1316 Camden Street
host#1317,Mr Host 1317,1317 Camden Street
host#1318,Mr Host 1318,1318 Camden Street
host#1319,Mr Host 1319,1319 Camden Street
host#1320,Mr Host 1320,1320 Camden Street
host#1321,Mr Host 1321,1321 Camden Street
host#1322,Mr Host 1322,1322 Camden Street
host#1323,Mr Host 1323,1323 Camden Street
host#1324,Mr Host 1324,1324 Camden Street
host#1325,Mr Host 1325,1325 Camden Street
host#1326,Mr Host 1326,1326 Camden Street
host#1327,Mr Host 1327,1327 Camden Street
host#1328,Mr Host 1328,1328 Camden Street
host#1329,Mr Host 1329,1329 Camden Street
host#1330,Mr Host 1330,1330 Camden Street
host#1331,Mr Host 1331,1331 Camden Street
host#1332,Mr Host 1332,1332 Camden Street
host#1333,Mr Host 1333,1333 Camden Street
host#1334,Mr Host 1334,1334 Camden Street
host#1335,Mr Host 1335,1335 Camden Street
host#1336,Mr Host 1336,1336 Camden Street
host#1337,Mr Host 1337,1337 Camden Street
host#1338,Mr Host 1338,1338 Camden Street
host#1339,Mr Host 1339,1339 Camden Street
host#1340,Mr Host 1340,1340 Camden Street
host#1341,Mr Host 1341,1341 Camden Street
host#1342,Mr Host 1342,1342 Camden Street
host#1343,Mr Host 1343,1343 Camden Street
host#1344,Mr Host 1344,1344 Camden Street
host#1345,Mr Host 1345,1345 Camden Street
host#1346,Mr Host 1346,1346 Camden Street
host#1347,Mr Host 1347,1347 Camden Street
host#1348,Mr Host 1348,1348 Camden Street
host#1349,Mr Host 1349,1349 Camden Street
host#1350,Mr Host 1350,1350 Camden Street
host#1351,Mr Host 1351,1351 Camden Street
host#1352,Mr Host 1352,1352 Camden Street
host#1353,Mr Host 1353,1353 Camden Street
host#1354,Mr Host 1354,1354 Camden Street
host#1355,Mr Host 1355,1355 Camden Street
host#1356,Mr Host 1356,1356 Camden Street
host#1357,Mr Host 1357,1357 Camden Street
host#1358,Mr Host 1358,1358 Camden Street
host#1359,Mr Host 1359,1359 Camden Street
host#1360,Mr Host 1360,1360 Camden Street
host#1361,Mr Host 1361,1361 Camden Street
host#1362,Mr Host 1362,1362 Camden Street
host#1363,Mr Host 1363,1363 Camden Street
host#1364,Mr Host 1364,1364 Camden Street
host#1365,Mr Host 1365,1365 Camden Street
host#1366,Mr Host 1366,1366 Camden Street
host#1367,Mr Host 1367,1367 Camden Street
host#1368,Mr Host 1368,1368 Camden Street
host#1369,Mr Host 1369,1369 Camden Street
host#1370,Mr Host 1370,1370 Camden Street
host#1371,Mr Host 1371,1371 Camden Street
host#1372,Mr Host 1372,1372 Camden Street
host#1373,Mr Host 1373,1373 Camden Street
host#1374,Mr Host 1374,1374 Camden Street
host#1375,Mr Host 1375,1375 Camden Street
host#1376,Mr Host 1376,1376 Camden Street
host#1377,Mr Host 1377,1377 Camden Street
host#1378,Mr Host 1378,1378 Camden Street
host#1379,Mr Host 1379,1379 Camden Street
host#1380,Mr Host 1380,1380 Camden Street
host#1381,Mr Host 1381,1381 Camden Street
host#1382,Mr Host 1382,1382 Camden Street
host#1383,Mr Host 1383,1383 Camden Street
host#1384,Mr Host 1384,1384 Camden Street
host#1385,Mr Host 1385,1385 Camden Street
host#1386,Mr Host 1386,1386 Camden Street
host#1387,Mr Host 1387,1387 Camden Street
host#1388,Mr Host 1388,1388 Camden Street
host#1389,Mr Host 1389,1389 Camden Street
host#1390,Mr Host 1390,1390 Camden Street
host#1391,Mr Host 1391,1391 Camden Street
host#1392,Mr Host 1392,1392 Camden Street
host#1393,Mr Host 1393,1393 Camden Street
host#1394,Mr Host 1394,1394 Camden Street
host#1395,Mr Host 1395,1395 Camden Street
host#1396,Mr Host 1396,1396 Camden Street
host#1397,Mr Host 1397,1397 Camden Street
host#1398,Mr Host 1398,1398 Camden Street
host#1399,Mr Host 1399,1399 Camden Street
host#1400,Mr Host 1400,1400 Camden Street
host#1401,Mr Host 1401,1401 Camden Street
host#1402,Mr Host 1402,1402 Camden Street
host#1403,Mr Host 1403,1403 Camden Street
host#1404,Mr Host 1404,1404 Camden Street
host#1405,Mr Host 1405,1405 Camden Street
host#1406,Mr Host 1406,1406 Camden Street
host#1407,Mr Host 1407,1407 Camden Street
host#1408,Mr Host 1408,1408 Camden Street
host#1409,Mr Host 1409,1409 Camden Street
host#1410,Mr Host 1410,1410 Camden Street
host#1411,Mr Host 1411,1411 Camden Street
host#1412,Mr Host 1412,1412 Camden Street
host#1413,Mr Host 1413,1413 Camden Street
host#1414,Mr Host 1414,1414 Camden Street
host#1415,Mr Host 1415,1415 Camden Street
host#1416,Mr Host 1416,1416 Camden Street
host#1417,Mr Host 1417,1417 Camden Street
host#1418,Mr Host 1418,1418 Camden Street
host#1419,Mr Host 1419,1419 Camden Street
host#1420,Mr Host 1420,1420 Camden Street
host#1421,Mr Host 1421,1421 Camden Street
host#1422,Mr Host 1422,1422 Camden Street
host#1423,Mr Host 1423,1423 Camden Street
host#1424,Mr Host 1424,1424 Camden Street
host#1425,Mr Host 1425,1425 Camden Street
host#1426,Mr Host 1426,1426 Camden Street
host#1427,Mr Host 1427,1427 Camden Street
host#1428,Mr Host 1428,1428 Camden Street
host#1429,Mr Host 1429,1429 Camden Street
host#1430,Mr Host 1430,1430 Camden Street
host#1431,Mr Host 1431,1431 Camden Street
host#1432,Mr Host 1432,1432 Camden Street
host#1433,Mr Host 1433,1433 Camden Street
host#1434,Mr Host 1434,1434 Camden Street
host#1435,Mr Host 1435,1435 Camden Street
host#1436,Mr Host 1436,1436 Camden Street
host#1437,Mr Host 1437,1437 Camden Street
host#1438,Mr Host 1438,1438 Camden Street
host#1439,Mr Host 1439,1439 Camden Street
host#1440,Mr Host 1440,1440 Camden Street
host#1441,Mr Host 1441,1441 Camden Street
host#1442,Mr Host 1442,1442 Camden Street
host#1443,Mr Host 1443,1443 Camden Street
host#1444,Mr Host 1444,1444 Camden Street
host#1445,Mr Host 1445,1445 Camden Street
host#1446,Mr Host 1446,1446 Camden Street
host#1447,Mr Host 1447,1447 Camden Street
host#1448,Mr Host 1448,1448 Camden Street
host#1449,Mr Host 1449,1449 Camden Street
host#1450,Mr Host 1450,1450 Camden Street
host#1451,Mr Host 1451,1451 Camden Street
host#1452,Mr Host 1452,1452 Camden Street
host#1453,Mr Host 1453,1453 Camden Street
host#1454,Mr Host 1454,1454 Camden Street
host#1455,Mr Host 1455,1455 Camden Street
host#1456,Mr Host 1456,1456 Camden Street
host#1457,Mr Host 1457,1457 Camden Street
host#1458,Mr Host 1458,1458 Camden Street
host#1459,Mr Host 1459,1459 Camden Street
host#1460,Mr Host 1460,1460 Camden Street
host#1461,Mr Host 1461,1461 Camden Street
host#1462,Mr Host 1462,1462 Camden Street
host#1463,Mr Host 1463,1463 Camden Street
host#1464,Mr Host 1464,1464 Camden Street
host#1465,Mr Host 1465,1465 Camden Street
host#1466,Mr Host 1466,1466 Camden Street
host#1467,Mr Host 1467,1467 Camden Street
host#1468,Mr Host 1468,1468 Camden Street
host#1469,Mr Host 1469,1469 Camden Street
host#1470,Mr Host 1470,1470 Camden Street
host#1471,Mr Host 1471,1471 Camden Street
host#1472,Mr Host 1472,1472 Camden Street
host#1473,Mr Host 1473,1473 Camden Street
host#1474,Mr Host 1474,1474 Camden Street
host#1475,Mr Host 1475,1475 Camden Street
host#1476,Mr Host 1476,1476 Camden Street
host#1477,Mr Host 1477,1477 Camden Street
host#1478,Mr Host 1478,1478 Camden Street
host#1479,Mr Host 1479,1479 Camden Street
host#1480,Mr Host 1480,1480 Camden Street
host#1481,Mr Host 1481,1481 Camden Street
host#1482,Mr Host 1482,1482 Camden Street
host#1483,Mr Host 1483,1483 Camden Street
host#1484,Mr Host 1484,1484 Camden Street
host#1485,Mr Host 1485,1485 Camden Street
host#1486,Mr Host 1486,1486 Camden Street
host#1487,Mr Host 1487,1487 Camden Street
host#1488,Mr Host 1488,1488 Camden Street
host#1489,Mr Host 1489,1489 Camden Street
host#1490,Mr Host 1490,1490 Camden Street
host#1491,Mr Host 1491,1491 Camden Street
host#1492,Mr Host 1492,1492 Camden Street
host#1493,Mr Host 1493,1493 Camden Street
host#1494,Mr Host 1494,1494 Camden Street
host#1495,Mr Host 1495,1495 Camden Street
host#1496,Mr Host 1496,1496 Camden Street
host#1497,Mr Host 1497,1497 Camden Street
host#1498,Mr Host 1498,1498 Camden Street
host#1499,Mr Host 1499,1499 Camden Street
host#1500,Mr Host 1500,1500 Camden Street
host#1501,Mr Host 1501,1501 Camden Street
host#1502,Mr Host 1502,1502 Camden Street
host#1503,Mr Host 1503,1503 Camden Street
host#1504,Mr Host 1504,1504 Camden Street
host#1505,Mr Host 1505,1505 Camden Street
host#1506,Mr Host 1506,1506 Camden Street
host#1507,Mr Host 1507,1507 Camden Street
host#1508,Mr Host 1508,1508 Camden Street
host#1509,Mr Host 1509,1509 Camden Street
host#1510,Mr Host 1510,1510 Camden Street
host#1511,Mr Host 1511,1511 Camden Street
host#1512,Mr Host 1512,1512 Camden Street
host#1513,Mr Host 1513,1513 Camden Street
host#1514,Mr Host 1514,1514 Camden Street
host#1515,Mr Host 1515,1515 Camden Street
host#1516,Mr Host 1516,1516 Camden Street
host#1517,Mr Host 1517,1517 Camden Street
host#1518,Mr Host 1518,1518 Camden Street
host#1519,Mr Host 1519,1519 Camden Street
host#1520,Mr Host 1520,1520 Camden Street
host#1521,Mr Host 1521,1521 Camden Street
host#1522,Mr Host 1522,1522 Camden Street
host#1523,Mr Host 1523,1523 Camden Street
host#1524,Mr Host 1524,1524 Camden Street
host#1525,Mr Host 1525,1525 Camden Street
host#1526,Mr Host 1526,1526 Camden Street
host#1527,Mr Host 1527,1527 Camden Street
host#1528,Mr Host 1528,1528 Camden Street
host#1529,Mr Host 1529,1529 Camden Street
host#1530,Mr Host 1530,1530 Camden Street
host#1531,Mr Host 1531,1531 Camden Street
host#1532,Mr Host 1532,1532 Camden Street
host#1533,Mr Host 1533,1533 Camden Street
host#1534,Mr Host 1534,1534 Camden Street
host#1535,Mr Host 1535,1535 Camden Street
host#1536,Mr Host 1536,1536 Camden Street
host#1537,Mr Host 1537,1537 Camden Street
host#1538,Mr Host 1538,1538 Camden Street
host#1539,Mr Host 1539,1539 Camden Street
host#1540,Mr Host 1540,1540 Camden Street
host#1541,Mr Host 1541,1541 Camden Street
host#1542,Mr Host 1542,1542 Camden Street
host#1543,Mr Host 1543,1543 Camden Street
host#1544,Mr Host 1544,1544 Camden Street
host#1545,Mr Host 1545,1545 Camden Street
host#1546,Mr Host 1546,1546 Camden Street
host#1547,Mr Host 1547,1547 Camden Street
host#1548,Mr Host 1548,1548 Camden Street
host#1549,Mr Host 1549,1549 Camden Street
host#1550,Mr Host 1550,1550 Camden Street
host#1551,Mr Host 1551,1551 Camden Street
host#1552,Mr Host 1552,1552 Camden Street
host#1553,Mr Host 1553,1553 Camden Street
host#1554,Mr Host 1554,1554 Camden Street
host#1555,Mr Host 1555,1555 Camden Street
host#1556,Mr Host 1556,1556 Camden Street
host#1557,Mr Host 1557,1557 Camden Street
host#1558,Mr Host 1558,1558 Camden Street
host#1559,Mr Host 1559,1559 Camden Street
host#1560,Mr Host 1560,1560 Camden Street
host#1561,Mr Host 1561,1561 Camden Street
host#1562,Mr Host 1562,1562 Camden Street
host#1563,Mr Host 1563,1563 Camden Street
host#1564,Mr Host 1564,1564 Camden Street
host#1565,Mr Host 1565,1565 Camden Street
host#1566,Mr Host 1566,1566 Camden Street
host#1567,Mr Host 1567,1567 Camden Street
host#1568,Mr Host 1568,1568 Camden Street
host#1569,Mr Host 1569,1569 Camden Street
host#1570,Mr Host 1570,1570 Camden Street
host#1571,Mr Host 1571,1571 Camden Street
host#1572,Mr Host 1572,1572 Camden Street
host#1573,Mr Host 1573,1573 Camden Street
host#1574,Mr Host 1574,1574 Camden Street
host#1575,Mr Host 1575,1575 Camden Street
host#1576,Mr Host 1576,1576 Camden Street
host#1577,Mr Host 1577,1577 Camden Street
host#1578,Mr Host 1578,1578 Camden Street
host#1579,Mr Host 1579,1579 Camden Street
host#1580,Mr Host 1580,1580 Camden Street
host#1581,Mr Host 1581,1581 Camden Street
host#1582,Mr Host 1582,1582 Camden Street
host#1583,Mr Host 1583,1583 Camden Street
host#1584,Mr Host 1584,1584 Camden Street
host#1585,Mr Host 1585,1585 Camden Street
host#1586,Mr Host 1586,1586 Camden Street
host#1587,Mr Host 1587,1587 Camden Street
host#1588,Mr Host 1588,1588 Camden Street
host#1589,Mr Host 1589,1589 Camden Street
host#1590,Mr Host 1590,1590 Camden Street
host#1591,Mr Host 1591,1591 Camden Street
host#1592,Mr Host 1592,1592 Camden Street
host#1593,Mr Host 1593,1593 Camden Street
host#1594,Mr Host 1594,1594 Camden Street
host#1595,Mr Host 1595,1595 Camden Street
host#1596,Mr Host 1596,1596 Camden Street
host#1597,Mr Host 1597,1597 Camden Street
host#1598,Mr Host 1598,1598 Camden Street
host#1599,Mr Host 1599,1599 Camden Street
host#1600,Mr Host 1600,1600 Camden Street
host#1601,Mr Host 1601,1601 Camden Street
host#1602,Mr Host 1602,1602 Camden Street
host#1603,Mr Host 1603,1603 Camden Street
host#1604,Mr Host 1604,1604 Camden Street
host#1605,Mr Host 1605,1605 Camden Street
host#1606,Mr Host 1606,1606 Camden Street
host#1607,Mr Host 1607,1607 Camden Street
host#1608,Mr Host 1608,1608 Camden Street
host#1609,Mr Host 1609,1609 Camden Street
host#1610,Mr Host 1610,1610 Camden Street
host#1611,Mr Host 1611,1611 Camden Street
host#1612,Mr Host 1612,1612 Camden Street
host#1613,Mr Host 1613,1613 Camden Street
host#1614,Mr Host 1614,1614 Camden Street
host#1615,Mr Host 1615,1615 Camden Street
host#1616,Mr Host 1616,1616 Camden Street
host#1617,Mr Host 1617,1617 Camden Street
host#1618,Mr Host 1618,1618 Camden Street
host#1619,Mr Host 1619,1619 Camden Street
host#1620,Mr Host 1620,1620 Camden Street
host#1621,Mr Host 1621,1621 Camden Street
host#1622,Mr Host 1622,1622 Camden Street
host#1623,Mr Host 1623,1623 Camden Street
host#1624,Mr Host 1624,1624 Camden Street
host#1625,Mr Host 1625,1625 Camden Street
host#1626,Mr Host 1626,1626 Camden Street
host#1627,Mr Host 1627,1627 Camden Street
host#1628,Mr Host 1628,1628 Camden Street
host#1629,Mr Host 1629,1629 Camden Street
host#1630,Mr Host 1630,1630 Camden Street
host#1631,Mr Host 1631,1631 Camden Street
host#1632,Mr Host 1632,1632 Camden Street
host#1633,Mr Host 1633,1633 Camden Street
host#1634,Mr Host 1634,1634 Camden Street
host#1635,Mr Host 1635,1635 Camden Street
host#1636,Mr Host 1636,1636 Camden Street
host#1637,Mr Host 1637,1637 Camden Street
host#1638,Mr Host 1638,1638 Camden Street
host#1639,Mr Host 1639,1639 Camden Street
host#1640,Mr Host 1640,1640 Camden Street
host#1641,Mr Host 1641,1641 Camden Street
host#1642,Mr Host 1642,1642 Camden Street
host#1643,Mr Host 1643,1643 Camden Street
host#1644,Mr Host 1644,1644 Camden Street
host#1645,Mr Host 1645,1645 Camden Street
host#1646,Mr Host 1646,1646 Camden Street
host#1647,Mr Host 1647,1647 Camden Street
host#1648,Mr Host 1648,1648 Camden Street
host#1649,Mr Host 1649,1649 Camden Street
host#1650,Mr Host 1650,1650 Camden Street
host#1651,Mr Host 1651,1651 Camden Street
host#1652,Mr Host 1652,1652 Camden Street
host#1653,Mr Host 1653,1653 Camden Street
host#1654,Mr Host 1654,1654 Camden Street
host#1655,Mr Host 1655,1655 Camden Street
host#1656,Mr Host 1656,1656 Camden Street
host#1657,Mr Host 1657,1657 Camden Street
host#1658,Mr Host 1658,1658 Camden Street
host#1659,Mr Host 1659,1659 Camden Street
host#1660,Mr Host 1660,1660 Camden Street
host#1661,Mr Host 1661,1661 Camden Street
host#1662,Mr Host 1662,1662 Camden Street
host#1663,Mr Host 1663,1663 Camden Street
host#1664,Mr Host 1664,1664 Camden Street
host#1665,Mr Host 1665,1665 Camden Street
host#1666,Mr Host 1666,1666 Camden Street
host#1667,Mr Host 1667,1667 Camden Street
host#1668,Mr Host 1668,1668 Camden Street
host#1669,Mr Host 1669,1669 Camden Street
host#1670,Mr Host 1670,1670 Camden Street
host#1671,Mr Host 1671,1671 Camden Street
host#1672,Mr Host 1672,1672 Camden Street
host#1673,Mr Host 1673,1673 Camden Street
host#1674,Mr Host 1674,1674 Camden Street
host#1675,Mr Host 1675,1675 Camden Street
host#1676,Mr Host 1676,1676 Camden Street
host#1677,Mr Host 1677,1677 Camden Street
host#1678,Mr Host 1678,1678 Camden Street
host#1679,Mr Host 1679,1679 Camden Street
host#1680,Mr Host 1680,1680 Camden Street
host#1681,Mr Host 1681,1681 Camden Street
host#1682,Mr Host 1682,1682 Camden Street
host#1683,Mr Host 1683,1683 Camden Street
host#1684,Mr Host 1684,1684 Camden Street
host#1685,Mr Host 1685,1685 Camden Street
host#1686,Mr Host 1686,1686 Camden Street
host#1687,Mr Host 1687,1687 Camden Street
host#1688,Mr Host 1688,1688 Camden Street
host#1689,Mr Host 1689,1689 Camden Street
host#1690,Mr Host 1690,1690 Camden Street
host#1691,Mr Host 1691,1691 Camden Street
host#1692,Mr Host 1692,1692 Camden Street
host#1693,Mr Host 1693,1693 Camden Street
host#1694,Mr Host 1694,1694 Camden Street
host#1695,Mr Host 1695,1695 Camden Street
host#1696,Mr Host 1696,1696 Camden Street
host#1697,Mr Host 1697,1697 Camden Street
host#1698,Mr Host 1698,1698 Camden Street
host#1699,Mr Host 1699,1699 Camden Street
host#1700,Mr Host 1700,1700 Camden Street
host#1701,Mr Host 1701,1701 Camden Street
host#1702,Mr Host 1702,1702 Camden Street
host#1703,Mr Host 1703,1703 Camden Street
host#1704,Mr Host 1704,1704 Camden Street
host#1705,Mr Host 1705,1705 Camden Street
host#1706,Mr Host 1706,1706 Camden Street
host#1707,Mr Host 1707,1707 Camden Street
host#1708,Mr Host 1708,1708 Camden Street
host#1709,Mr Host 1709,1709 Camden Street
host#1710,Mr Host 1710,1710 Camden Street
host#1711,Mr Host 1711,1711 Camden Street
host#1712,Mr Host 1712,1712 Camden Street
host#1713,Mr Host 1713,1713 Camden Street
host#1714,Mr Host 1714,1714 Camden Street
host#1715,Mr Host 1715,1715 Camden Street
host#1716,Mr Host 1716,1716 Camden Street
host#1717,Mr Host 1717,1717 Camden Street
host#1718,Mr Host 1718,1718 Camden Street
host#1719,Mr Host 1719,1719 Camden Street
host#1720,Mr Host 1720,1720 Camden Street
host#1721,Mr Host 1721,1721 Camden Street
host#1722,Mr Host 1722,1722 Camden Street
host#1723,Mr Host 1723,1723 Camden Street
host#1724,Mr Host 1724,1724 Camden Street
host#1725,Mr Host 1725,1725 Camden Street
host#1726,Mr Host 1726,1726 Camden Street
host#1727,Mr Host 1727,1727 Camden Street
host#1728,Mr Host 1728,1728 Camden Street
host#1729,Mr Host 1729,1729 Camden Street
host#1730,Mr Host 1730,1730 Camden Street
host#1731,Mr Host 1731,1731 Camden Street
host#1732,Mr Host 1732,1732 Camden Street
host#1733,Mr Host 1733,1733 Camden Street
host#1734,Mr Host 1734,1734 Camden Street
host#1735,Mr Host 1735,1735 Camden Street
host#1736,Mr Host 1736,1736 Camden Street
host#1737,Mr Host 1737,1737 Camden Street
host#1738,Mr Host 1738,1738 Camden Street
host#1739,Mr Host 1739,1739 Camden Street
host#1740,Mr Host 1740,1740 Camden Street
host#1741,Mr Host 1741,1741 Camden Street
host#1742,Mr Host 1742,1742 Camden Street
host#1743,Mr Host 1743,1743 Camden Street
host#1744,Mr Host 1744,1744 Camden Street
host#1745,Mr Host 1745,1745 Camden Street
host#1746,Mr Host 1746,1746 Camden Street
host#1747,Mr Host 1747,1747 Camden Street
host#1748,Mr Host 1748,1748 Camden Street
host#1749,Mr Host 1749,1749 Camden Street
host#1750,Mr Host 1750,1750 Camden Street
host#1751,Mr Host 1751,1751 Camden Street
host#1752,Mr Host 1752,1752 Camden Street
host#1753,Mr Host 1753,1753 Camden Street
host#1754,Mr Host 1754,1754 Camden Street
host#1755,Mr Host 1755,1755 Camden Street
host#1756,Mr Host 1756,1756 Camden Street
host#1757,Mr Host 1757,1757 Camden Street
host#1758,Mr Host 1758,1758 Camden Street
host#1759,Mr Host 1759,1759 Camden Street
host#1760,Mr Host 1760,1760 Camden Street
host#1761,Mr Host 1761,1761 Camden Street
host#1762,Mr Host 1762,1762 Camden Street
host#1763,Mr Host 1763,1763 Camden Street
host#1764,Mr Host 1764,1764 Camden Street
host#1765,Mr Host 1765,1765 Camden Street
host#1766,Mr Host 1766,1766 Camden Street
host#1767,Mr Host 1767,1767 Camden Street
host#1768,Mr Host 1768,1768 Camden Street
host#1769,Mr Host 1769,1769 Camden Street
host#1770,Mr Host 1770,1770 Camden Street
host#1771,Mr Host 1771,1771 Camden Street
host#1772,Mr Host 1772,1772 Camden Street
host#1773,Mr Host 1773,1773 Camden Street
host#1774,Mr Host 1774,1774 Camden Street
host#1775,Mr Host 1775,1775 Camden Street
host#1776,Mr Host 1776,1776 Camden Street
host#1777,Mr Host 1777,1777 Camden Street
host#1778,Mr Host 1778,1778 Camden Street
host#1779,Mr Host 1779,1779 Camden Street
host#1780,Mr Host 1780,1780 Camden Street
host#1781,Mr Host 1781,1781 Camden Street
host#1782,Mr Host 1782,1782 Camden Street
host#1783,Mr Host 1783,1783 Camden Street
host#1784,Mr Host 1784,1784 Camden Street
host#1785,Mr Host 1785,1785 Camden Street
host#1786,Mr Host 1786,1786 Camden Street
host#1787,Mr Host 1787,1787 Camden Street
host#1788,Mr Host 1788,1788 Camden Street
host#1789,Mr Host 1789,1789 Camden Street
host#1790,Mr Host 1790,1790 Camden Street
host#1791,Mr Host 1791,1791 Camden Street
host#1792,Mr Host 1792,1792 Camden Street
host#1793,Mr Host 1793,1793 Camden Street
host#1794,Mr Host 1794,1794 Camden Street
host#1795,Mr Host 1795,1795 Camden Street
host#1796,Mr Host 1796,1796 Camden Street
host#1797,Mr Host 1797,1797 Camden Street
host#1798,Mr Host 1798,1798 Camden Street
host#1799,Mr Host 1799,1799 Camden Street
host#1800,Mr Host 1800,1800 Camden Street
host#1801,Mr Host 1801,1801 Camden Street
host#1802,Mr Host 1802,1802 Camden Street
host#1803,Mr Host 1803,1803 Camden Street
host#1804,Mr Host 1804,1804 Camden Street
host#1805,Mr Host 1805,1805 Camden Street
host#1806,Mr Host 1806,1806 Camden Street
host#1807,Mr Host 1807,1807 Camden Street
host#1808,Mr Host 1808,1808 Camden Street
host#1809,Mr Host 1809,1809 Camden Street
host#1810,Mr Host 1810,1810 Camden Street
host#1811,Mr Host 1811,1811 Camden Street
host#1812,Mr Host 1812,1812 Camden Street
host#1813,Mr Host 1813,1813 Camden Street
host#1814,Mr Host 1814,1814 Camden Street
host#1815,Mr Host 1815,1815 Camden Street
host#1816,Mr Host 1816,1816 Camden Street
host#1817,Mr Host 1817,1817 Camden Street
host#1818,Mr Host 1818,1818 Camden Street
host#1819,Mr Host 1819,1819 Camden Street
host#1820,Mr Host 1820,1820 Camden Street
host#1821,Mr Host 1821,1821 Camden Street
host#1822,Mr Host 1822,1822 Camden Street
host#1823,Mr Host 1823,1823 Camden Street
host#1824,Mr Host 1824,1824 Camden Street
host#1825,Mr Host 1825,1825 Camden Street
host#1826,Mr Host 1826,1826 Camden Street
host#1827,Mr Host 1827,1827 Camden Street
host#1828,Mr Host 1828,1828 Camden Street
host#1829,Mr Host 1829,1829 Camden Street
host#1830,Mr Host 1830,1830 Camden Street
host#1831,Mr Host 1831,1831 Camden Street
host#1832,Mr Host 1832,1832 Camden Street
host#1833,Mr Host 1833,1833 Camden Street
host#1834,Mr Host 1834,1834 Camden Street
host#1835,Mr Host 1835,1835 Camden Street
host#1836,Mr Host 1836,1836 Camden Street
host#1837,Mr Host 1837,1837 Camden Street
host#1838,Mr Host 1838,1838 Camden Street
host#1839,Mr Host 1839,1839 Camden Street
host#1840,Mr Host 1840,1840 Camden Street
host#1841,Mr Host 1841,1841 Camden Street
host#1842,Mr Host 1842,1842 Camden Street
host#1843,Mr Host 1843,1843 Camden Street
host#1844,Mr Host 1844,1844 Camden Street
host#1845,Mr Host 1845,1845 Camden Street
host#1846,Mr Host 1846,1846 Camden Street
host#1847,Mr Host 1847,1847 Camden Street
host#1848,Mr Host 1848,1848 Camden Street
host#1849,Mr Host 1849,1849 Camden Street
host#1850,Mr Host 1850,1850 Camden Street
host#1851,Mr Host 1851,1851 Camden Street
host#1852,Mr Host 1852,1852 Camden Street
host#1853,Mr Host 1853,1853 Camden Street
host#1854,Mr Host 1854,1854 Camden Street
host#1855,Mr Host 1855,1855 Camden Street
host#1856,Mr Host 1856,1856 Camden Street
host#1857,Mr Host 1857,1857 Camden Street
host#1858,Mr Host 1858,1858 Camden Street
host#1859,Mr Host 1859,1859 Camden Street
host#1860,Mr Host 1860,1860 Camden Street
host#1861,Mr Host 1861,1861 Camden Street
host#1862,Mr Host 1862,1862 Camden Street
host#1863,Mr Host 1863,1863 Camden Street
host#1864,Mr Host 1864,1864 Camden Street
host#1865,Mr Host 1865,1865 Camden Street
host#1866,Mr Host 1866,1866 Camden Street
host#1867,Mr Host 1867,1867 Camden Street
host#1868,Mr Host 1868,1868 Camden Street
host#1869,Mr Host 1869,1869 Camden Street
host#1870,Mr Host 1870,1870 Camden Street
host#1871,Mr Host 1871,1871 Camden Street
host#1872,Mr Host 1872,1872 Camden Street
host#1873,Mr Host 1873,1873 Camden Street
host#1874,Mr Host 1874,1874 Camden Street
host#1875,Mr Host 1875,1875 Camden Street
host#1876,Mr Host 1876,1876 Camden Street
host#1877,Mr Host 1877,1877 Camden Street
host#1878,Mr Host 1878,1878 Camden Street
host#1879,Mr Host 1879,1879 Camden Street
host#1880,Mr Host 1880,1880 Camden Street
host#1881,Mr Host 1881,1881 Camden Street
host#1882,Mr Host 1882,1882 Camden Street
host#1883,Mr Host 1883,1883 Camden Street
host#1884,Mr Host 1884,1884 Camden Street
host#1885,Mr Host 1885,1885 Camden Street
host#1886,Mr Host 1886,1886 Camden Street
host#1887,Mr Host 1887,1887 Camden Street
host#1888,Mr Host 1888,1888 Camden Street
host#1889,Mr Host 1889,1889 Camden Street
host#1890,Mr Host 1890,1890 Camden Street
host#1891,Mr Host 1891,1891 Camden Street
host#1892,Mr Host 1892,1892 Camden Street
host#1893,Mr Host 1893,1893 Camden Street
host#1894,Mr Host 1894,1894 Camden Street
host#1895,Mr Host 1895,1895 Camden Street
host#1896,Mr Host 1896,1896 Camden Street
host#1897,Mr Host 1897,1897 Camden Street
host#1898,Mr Host 1898,1898 Camden Street
host#1899,Mr Host 1899,1899 Camden Street
host#1900,Mr Host 1900,1900 Camden Street
host#1901,Mr Host 1901,1901 Camden Street
host#1902,Mr Host 1902,1902 Camden Street
host#1903,Mr Host 1903,1903 Camden Street
host#1904,Mr Host 1904,1904 Camden Street
host#1905,Mr Host 1905,1905 Camden Street
host#1906,Mr Host 1906,1906 Camden Street
host#1907,Mr Host 1907,1907 Camden Street
host#1908,Mr Host 1908,1908 Camden Street
host#1909,Mr Host 1909,1909 Camden Street
host#1910,Mr Host 1910,1910 Camden Street
host#1911,Mr Host 1911,1911 Camden Street
host#1912,Mr Host 1912,1912 Camden Street
host#1913,Mr Host 1913,1913 Camden Street
host#1914,Mr Host 1914,1914 Camden Street
host#1915,Mr Host 1915,1915 Camden Street
host#1916,Mr Host 1916,1916 Camden Street
host#1917,Mr Host 1917,1917 Camden Street
host#1918,Mr Host 1918,1918 Camden Street
host#1919,Mr Host 1919,1919 Camden Street
host#1920,Mr Host 1920,1920 Camden Street
host#1921,Mr Host 1921,1921 Camden Street
host#1922,Mr Host 1922,1922 Camden Street
host#1923,Mr Host 1923,1923 Camden Street
host#1924,Mr Host 1924,1924 Camden Street
host#1925,Mr Host 1925,1925 Camden Street
host#1926,Mr Host 1926,1926 Camden Street
host#1927,Mr Host 1927,1927 Camden Street
host#1928,Mr Host 1928,1928 Camden Street
host#1929,Mr Host 1929,1929 Camden Street
host#1930,Mr Host 1930,1930 Camden Street
host#1931,Mr Host 1931,1931 Camden Street
host#1932,Mr Host 1932,1932 Camden Street
host#1933,Mr Host 1933,1933 Camden Street
host#1934,Mr Host 1934,1934 Camden Street
host#1935,Mr Host 1935,1935 Camden Street
host#1936,Mr Host 1936,1936 Camden Street
host#1937,Mr Host 1937,1937 Camden Street
host#1938,Mr Host 1938,1938 Camden Street
host#1939,Mr Host 1939,1939 Camden Street
host#1940,Mr Host 1940,1940 Camden Street
host#1941,Mr Host 1941,1941 Camden Street
host#1942,Mr Host 1942,1942 Camden Street
host#1943,Mr Host 1943,1943 Camden Street
host#1944,Mr Host 1944,1944 Camden Street
host#1945,Mr Host 1945,1945 Camden Street
host#1946,Mr Host 1946,1946 Camden Street
host#1947,Mr Host 1947,1947 Camden Street
host#1948,Mr Host 1948,1948 Camden Street
host#1949,Mr Host 1949,1949 Camden Street
host#1950,Mr Host 1950,1950 Camden Street
host#1951,Mr Host 1951,1951 Camden Street
host#1952,Mr Host 1952,1952 Camden Street
host#1953,Mr Host 1953,1953 Camden Street
host#1954,Mr Host 1954,1954 Camden Street
host#1955,Mr Host 1955,1955 Camden Street
host#1956,Mr Host 1956,1956 Camden Street
host#1957,Mr Host 1957,1957 Camden Street
host#1958,Mr Host 1958,1958 Camden Street
host#1959,Mr Host 1959,1959 Camden Street
host#1960,Mr Host 1960,1960 Camden Street
host#1961,Mr Host 1961,1961 Camden Street
host#1962,Mr Host 1962,1962 Camden Street
host#1963,Mr Host 1963,1963 Camden Street
host#1964,Mr Host 1964,1964 Camden Street
host#1965,Mr Host 1965,1965 Camden Street
host#1966,Mr Host 1966,1966 Camden Street
host#1967,Mr Host 1967,1967 Camden Street
host#1968,Mr Host 1968,1968 Camden Street
host#1969,Mr Host 1969,1969 Camden Street
host#1970,Mr Host 1970,1970 Camden Street
host#1971,Mr Host 1971,1971 Camden Street
host#1972,Mr Host 1972,1972 Camden Street
host#1973,Mr Host 1973,1973 Camden Street
host#1974,Mr Host 1974,1974 Camden Street
host#1975,Mr Host 1975,1975 Camden Street
host#1976,Mr Host 1976,1976 Camden Street
host#1977,Mr Host 1977,1977 Camden Street
host#1978,Mr Host 1978,1978 Camden Street
host#1979,Mr Host 1979,1979 Camden Street
host#1980,Mr Host 1980,1980 Camden Street
host#1981,Mr Host 1981,1981 Camden Street
host#1982,Mr Host 1982,1982 Camden Street
host#1983,Mr Host 1983,1983 Camden Street
host#1984,Mr Host 1984,1984 Camden Street
host#1985,Mr Host 1985,1985 Camden Street
host#1986,Mr Host 1986,1986 Camden Street
host#1987,Mr Host 1987,1987 Camden Street
host#1988,Mr Host 1988,1988 Camden Street
host#1989,Mr Host 1989,1989 Camden Street
host#1990,Mr Host 1990,1990 Camden Street
host#1991,Mr Host 1991,1991 Camden Street
host#1992,Mr Host 1992,1992 Camden Street
host#1993,Mr Host 1993,1993 Camden Street
host#1994,Mr Host 1994,1994 Camden Street
host#1995,Mr Host 1995,1995 Camden Street
host#1996,Mr Host 1996,1996 Camden Street
host#1997,Mr Host 1997,1997 Camden Street
host#1998,Mr Host 1998,1998 Camden Street
host#1999,Mr Host 1999,1999 Camden Street
host#2000,Mr Host 2000,2000 Camden Street
