ref,host_ref,capacity
room#1,host#1,2
room#2,host#1,2
room#3,host#2,2
room#4,host#2,2
room#5,host#3,2
room#6,host#3,2
room#7,host#4,2
room#8,host#4,2
room#9,host#5,2
room#10,host#5,2
room#11,host#6,2
room#12,host#6,2
room#13,host#7,2
room#14,host#7,2
room#15,host#8,2
room#16,host#8,2
room#17,host#9,2
room#18,host#9,2
room#19,host#10,2
room#20,host#10,2
room#21,host#11,2
room#22,host#11,2
room#23,host#12,2
room#24,host#12,2
room#25,host#13,2
room#26,host#13,2
room#27,host#14,2
room#28,host#14,2
room#29,host#15,2
room#30,host#15,2
room#31,host#16,2
room#32,host#16,2
room#33,host#17,2
room#34,host#17,2
room#35,host#18,2
room#36,host#18,2
room#37,host#19,2
room#38,host#19,2
room#39,host#20,2
room#40,host#20,2
room#41,host#21,2
room#42,host#21,2
room#43,host#22,2
room#44,host#22,2
room#45,host#23,2
room#46,host#23,2
room#47,host#24,2
room#48,host#24,2
room#49,host#25,2
room#50,host#25,2
room#51,host#26,2
room#52,host#26,2
room#53,host#27,2
room#54,host#27,2
room#55,host#28,2
room#56,host#28,2
room#57,host#29,2
room#58,host#29,2
room#59,host#30,2
room#60,host#30,2
room#61,host#31,2
room#62,host#31,2
room#63,host#32,2
room#64,host#32,2
room#65,host#33,2
room#66,host#33,2
room#67,host#34,2
room#68,host#34,2
room#69,host#35,2
room#70,host#35,2
room#71,host#36,2
room#72,host#36,2
room#73,host#37,2
room#74,host#37,2
room#75,host#38,2
room#76,host#38,2
room#77,host#39,2
room#78,host#39,2
room#79,host#40,2
room#80,host#40,2
room#81,host#41,2
room#82,host#41,2
room#83,host#42,2
room#84,host#42,2
room#85,host#43,2
room#86,host#43,2
room#87,host#44,2
room#88,host#44,2
room#89,host#45,2
room#90,host#45,2
room#91,host#46,2
room#92,host#46,2
room#93,host#47,2
room#94,host#47,2
room#95,host#48,2
room#96,host#48,2
room#97,host#49,2
room#98,host#49,2
room#99,host#50,2
room#100,host#50,2
room#101,host#51,2
room#102,host#51,2
room#103,host#52,2
room#104,host#52,2
room#105,host#53,2
room#106,host#53,2
room#107,host#54,2
room#108,host#54,2
room#109,host#55,2
room#110,host#55,2
room#111,host#56,2
room#112,host#56,2
room#113,host#57,2
room#114,host#57,2
room#115,host#58,2
room#116,host#58,2
room#117,host#59,2
room#118,host#59,2
room#119,host#60,2
room#120,host#60,2
room#121,host#61,2
room#122,host#61,2
room#123,host#62,2
room#124,host#62,2
room#125,host#63,2
room#126,host#63,2
room#127,host#64,2
room#128,host#64,2
room#129,host#65,2
room#130,host#65,2
room#131,host#66,2
room#132,host#66,2
room#133,host#67,2
room#134,host#67,2
room#135,host#68,2
room#136,host#68,2
room#137,host#69,2
room#138,host#69,2
room#139,host#70,2
room#140,host#70,2
room#141,host#71,2
room#142,host#71,2
room#143,host#72,2
room#144,host#72,2
room#145,host#73,2
room#146,host#73,2
room#147,host#74,2
room#148,host#74,2
room#149,host#75,2
room#150,host#75,2
room#151,host#76,2
room#152,host#76,2
room#153,host#77,2
room#154,host#77,2
room#155,host#78,2
room#156,host#78,2
room#157,host#79,2
room#158,host#79,2
room#159,host#80,2
room#160,host#80,2
room#161,host#81,2
room#162,host#81,2
room#163,host#82,2
room#164,host#82,2
room#165,host#83,2
room#166,host#83,2
room#167,host#84,2
room#168,host#84,2
room#169,host#85,2
room#170,host#85,2
room#171,host#86,2
room#172,host#86,2
room#173,host#87,2
room#174,host#87,2
room#175,host#88,2
room#176,host#88,2
room#177,host#89,2
room#178,host#89,2
room#179,host#90,2
room#180,host#90,2
room#181,host#91,2
room#182,host#91,2
room#183,host#92,2
room#184,host#92,2
room#185,host#93,2
room#186,host#93,2
room#187,host#94,2
room#188,host#94,2
room#189,host#95,2
room#190,host#95,2
room#191,host#96,2
room#192,host#96,2
room#193,host#97,2
room#194,host#97,2
room#195,host#98,2
room#196,host#98,2
room#197,host#99,2
room#198,host#99,2
room#199,host#100,2
room#200,host#100,2
room#201,host#101,2
room#202,host#101,2
room#203,host#102,2
room#204,host#102,2
room#205,host#103,2
room#206,host#103,2
room#207,host#104,2
room#208,host#104,2
room#209,host#105,2
room#210,host#105,2
room#211,host#106,2
room#212,host#106,2
room#213,host#107,2
room#214,host#107,2
room#215,host#108,2
room#216,host#108,2
room#217,host#109,2
room#218,host#109,2
room#219,host#110,2
room#220,host#110,2
room#221,host#111,2
room#222,host#111,2
room#223,host#112,2
room#224,host#112,2
room#225,host#113,2
room#226,host#113,2
room#227,host#114,2
room#228,host#114,2
room#229,host#115,2
room#230,host#115,2
room#231,host#116,2
room#232,host#116,2
room#233,host#117,2
room#234,host#117,2
room#235,host#118,2
room#236,host#118,2
room#237,host#119,2
room#238,host#119,2
room#239,host#120,2
room#240,host#120,2
room#241,host#121,2
room#242,host#121,2
room#243,host#122,2
room#244,host#122,2
room#245,host#123,2
room#246,host#123,2
room#247,host#124,2
room#248,host#124,2
room#249,host#125,2
room#250,host#125,2
room#251,host#126,2
room#252,host#126,2
room#253,host#127,2
room#254,host#127,2
room#255,host#128,2
room#256,host#128,2
room#257,host#129,2
room#258,host#129,2
room#259,host#130,2
room#260,host#130,2
room#261,host#131,2
room#262,host#131,2
room#263,host#132,2
room#264,host#132,2
room#265,host#133,2
room#266,host#133,2
room#267,host#134,2
room#268,host#134,2
room#269,host#135,2
room#270,host#135,2
room#271,host#136,2
room#272,host#136,2
room#273,host#137,2
room#274,host#137,2
room#275,host#138,2
room#276,host#138,2
room#277,host#139,2
room#278,host#139,2
room#279,host#140,2
room#280,host#140,2
room#281,host#141,2
room#282,host#141,2
room#283,host#142,2
room#284,host#142,2
room#285,host#143,2
room#286,host#143,2
room#287,host#144,2
room#288,host#144,2
room#289,host#145,2
room#290,host#145,2
room#291,host#146,2
room#292,host#146,2
room#293,host#147,2
room#294,host#147,2
room#295,host#148,2
room#296,host#148,2
room#297,host#149,2
room#298,host#149,2
room#299,host#150,2
room#300,host#150,2
room#301,host#151,2
room#302,host#151,2
room#303,host#152,2
room#304,host#152,2
room#305,host#153,2
room#306,host#153,2
room#307,host#154,2
room#308,host#154,2
room#309,host#155,2
room#310,host#155,2
room#311,host#156,2
room#312,host#156,2
room#313,host#157,2
room#314,host#157,2
room#315,host#158,2
room#316,host#158,2
room#317,host#159,2
room#318,host#159,2
room#319,host#160,2
room#320,host#160,2
room#321,host#161,2
room#322,host#161,2
room#323,host#162,2
room#324,host#162,2
room#325,host#163,2
room#326,host#163,2
room#327,host#164,2
room#328,host#164,2
room#329,host#165,2
room#330,host#165,2
room#331,host#166,2
room#332,host#166,2
room#333,host#167,2
room#334,host#167,2
room#335,host#168,2
room#336,host#168,2
room#337,host#169,2
room#338,host#169,2
room#339,host#170,2
room#340,host#170,2
room#341,host#171,2
room#342,host#171,2
room#343,host#172,2
room#344,host#172,2
room#345,host#173,2
room#346,host#173,2
room#347,host#174,2
room#348,host#174,2
room#349,host#175,2
room#350,host#175,2
room#351,host#176,2
room#352,host#176,2
room#353,host#177,2
room#354,host#177,2
room#355,host#178,2
room#356,host#178,2
room#357,host#179,2
room#358,host#179,2
room#359,host#180,2
room#360,host#180,2
room#361,host#181,2
room#362,host#181,2
room#363,host#182,2
room#364,host#182,2
room#365,host#183,2
room#366,host#183,2
room#367,host#184,2
room#368,host#184,2
room#369,host#185,2
room#370,host#185,2
room#371,host#186,2
room#372,host#186,2
room#373,host#187,2
room#374,host#187,2
room#375,host#188,2
room#376,host#188,2
room#377,host#189,2
room#378,host#189,2
room#379,host#190,2
room#380,host#190,2
room#381,host#191,2
room#382,host#191,2
room#383,host#192,2
room#384,host#192,2
room#385,host#193,2
room#386,host#193,2
room#387,host#194,2
room#388,host#194,2
room#389,host#195,2
room#390,host#195,2
room#391,host#196,2
room#392,host#196,2
room#393,host#197,2
room#394,host#197,2
room#395,host#198,2
room#396,host#198,2
room#397,host#199,2
room#398,host#199,2
room#399,host#200,2
room#400,host#200,2
room#401,host#201,2
room#402,host#201,2
room#403,host#202,2
room#404,host#202,2
room#405,host#203,2
room#406,host#203,2
room#407,host#204,2
room#408,host#204,2
room#409,host#205,2
room#410,host#205,2
room#411,host#206,2
room#412,host#206,2
room#413,host#207,2
room#414,host#207,2
room#415,host#208,2
room#416,host#208,2
room#417,host#209,2
room#418,host#209,2
room#419,host#210,2
room#420,host#210,2
room#421,host#211,2
room#422,host#211,2
room#423,host#212,2
room#424,host#212,2
room#425,host#213,2
room#426,host#213,2
room#427,host#214,2
room#428,host#214,2
room#429,host#215,2
room#430,host#215,2
room#431,host#216,2
room#432,host#216,2
room#433,host#217,2
room#434,host#217,2
room#435,host#218,2
room#436,host#218,2
room#437,host#219,2
room#438,host#219,2
room#439,host#220,2
room#440,host#220,2
room#441,host#221,2
room#442,host#221,2
room#443,host#222,2
room#444,host#222,2
room#445,host#223,2
room#446,host#223,2
room#447,host#224,2
room#448,host#224,2
room#449,host#225,2
room#450,host#225,2
room#451,host#226,2
room#452,host#226,2
room#453,host#227,2
room#454,host#227,2
room#455,host#228,2
room#456,host#228,2
room#457,host#229,2
room#458,host#229,2
room#459,host#230,2
room#460,host#230,2
room#461,host#231,2
room#462,host#231,2
room#463,host#232,2
room#464,host#232,2
room#465,host#233,2
room#466,host#233,2
room#467,host#234,2
room#468,host#234,2
room#469,host#235,2
room#470,host#235,2
room#471,host#236,2
room#472,host#236,2
room#473,host#237,2
room#474,host#237,2
room#475,host#238,2
room#476,host#238,2
room#477,host#239,2
room#478,host#239,2
room#479,host#240,2
room#480,host#240,2
room#481,host#241,2
room#482,host#241,2
room#483,host#242,2
room#484,host#242,2
room#485,host#243,2
room#486,host#243,2
room#487,host#244,2
room#488,host#244,2
room#489,host#245,2
room#490,host#245,2
room#491,host#246,2
room#492,host#246,2
room#493,host#247,2
room#494,host#247,2
room#495,host#248,2
room#496,host#248,2
room#497,host#249,2
room#498,host#249,2
room#499,host#250,2
room#500,host#250,2
room#501,host#251,2
room#502,host#251,2
room#503,host#252,2
room#504,host#252,2
room#505,host#253,2
room#506,host#253,2
room#507,host#254,2
room#508,host#254,2
room#509,host#255,2
room#510,host#255,2
room#511,host#256,2
room#512,host#256,2
room#513,host#257,2
room#514,host#257,2
room#515,host#258,2
room#516,host#258,2
room#517,host#259,2
room#518,host#259,2
room#519,host#260,2
room#520,host#260,2
room#521,host#261,2
room#522,host#261,2
room#523,host#262,2
room#524,host#262,2
room#525,host#263,2
room#526,host#263,2
room#527,host#264,2
room#528,host#264,2
room#529,host#265,2
room#530,host#265,2
room#531,host#266,2
room#532,host#266,2
room#533,host#267,2
room#534,host#267,2
room#535,host#268,2
room#536,host#268,2
room#537,host#269,2
room#538,host#269,2
room#539,host#270,2
room#540,host#270,2
room#541,host#271,2
room#542,host#271,2
room#543,host#272,2
room#544,host#272,2
room#545,host#273,2
room#546,host#273,2
room#547,host#274,2
room#548,host#274,2
room#549,host#275,2
room#550,host#275,2
room#551,host#276,2
room#552,host#276,2
room#553,host#277,2
room#554,host#277,2
room#555,host#278,2
room#556,host#278,2
room#557,host#279,2
room#558,host#279,2
room#559,host#280,2
room#560,host#280,2
room#561,host#281,2
room#562,host#281,2
room#563,host#282,2
room#564,host#282,2
room#565,host#283,2
room#566,host#283,2
room#567,host#284,2
room#568,host#284,2
room#569,host#285,2
room#570,host#285,2
room#571,host#286,2
room#572,host#286,2
room#573,host#287,2
room#574,host#287,2
room#575,host#288,2
room#576,host#288,2
room#577,host#289,2
room#578,host#289,2
room#579,host#290,2
room#580,host#290,2
room#581,host#291,2
room#582,host#291,2
room#583,host#292,2
room#584,host#292,2
room#585,host#293,2
room#586,host#293,2
room#587,host#294,2
room#588,host#294,2
room#589,host#295,2
room#590,host#295,2
room#591,host#296,2
room#592,host#296,2
room#593,host#297,2
room#594,host#297,2
room#595,host#298,2
room#596,host#298,2
room#597,host#299,2
room#598,host#299,2
room#599,host#300,2
room#600,host#300,2
room#601,host#301,2
room#602,host#301,2
room#603,host#302,2
room#604,host#302,2
room#605,host#303,2
room#606,host#303,2
room#607,host#304,2
room#608,host#304,2
room#609,host#305,2
room#610,host#305,2
room#611,host#306,2
room#612,host#306,2
room#613,host#307,2
room#614,host#307,2
room#615,host#308,2
room#616,host#308,2
room#617,host#309,2
room#618,host#309,2
room#619,host#310,2
room#620,host#310,2
room#621,host#311,2
room#622,host#311,2
room#623,host#312,2
room#624,host#312,2
room#625,host#313,2
room#626,host#313,2
room#627,host#314,2
room#628,host#314,2
room#629,host#315,2
room#630,host#315,2
room#631,host#316,2
room#632,host#316,2
room#633,host#317,2
room#634,host#317,2
room#635,host#318,2
room#636,host#318,2
room#637,host#319,2
room#638,host#319,2
room#639,host#320,2
room#640,host#320,2
room#641,host#321,2
room#642,host#321,2
room#643,host#322,2
room#644,host#322,2
room#645,host#323,2
room#646,host#323,2
room#647,host#324,2
room#648,host#324,2
room#649,host#325,2
room#650,host#325,2
room#651,host#326,2
room#652,host#326,2
room#653,host#327,2
room#654,host#327,2
room#655,host#328,2
room#656,host#328,2
room#657,host#329,2
room#658,host#329,2
room#659,host#330,2
room#660,host#330,2
room#661,host#331,2
room#662,host#331,2
room#663,host#332,2
room#664,host#332,2
room#665,host#333,2
room#666,host#333,2
room#667,host#334,2
room#668,host#334,2
room#669,host#335,2
room#670,host#335,2
room#671,host#336,2
room#672,host#336,2
room#673,host#337,2
room#674,host#337,2
room#675,host#338,2
room#676,host#338,2
room#677,host#339,2
room#678,host#339,2
room#679,host#340,2
room#680,host#340,2
room#681,host#341,2
room#682,host#341,2
room#683,host#342,2
room#684,host#342,2
room#685,host#343,2
room#686,host#343,2
room#687,host#344,2
room#688,host#344,2
room#689,host#345,2
room#690,host#345,2
room#691,host#346,2
room#692,host#346,2
room#693,host#347,2
room#694,host#347,2
room#695,host#348,2
room#696,host#348,2
room#697,host#349,2
room#698,host#349,2
room#699,host#350,2
room#700,host#350,2
room#701,host#351,2
room#702,host#351,2
room#703,host#352,2
room#704,host#352,2
room#705,host#353,2
room#706,host#353,2
room#707,host#354,2
room#708,host#354,2
room#709,host#355,2
room#710,host#355,2
room#711,host#356,2
room#712,host#356,2
room#713,host#357,2
room#714,host#357,2
room#715,host#358,2
room#716,host#358,2
room#717,host#359,2
room#718,host#359,2
room#719,host#360,2
room#720,host#360,2
room#721,host#361,2
room#722,host#361,2
room#723,host#362,2
room#724,host#362,2
room#725,host#363,2
room#726,host#363,2
room#727,host#364,2
room#728,host#364,2
room#729,host#365,2
room#730,host#365,2
room#731,host#366,2
room#732,host#366,2
room#733,host#367,2
room#734,host#367,2
room#735,host#368,2
room#736,host#368,2
room#737,host#369,2
room#738,host#369,2
room#739,host#370,2
room#740,host#370,2
room#741,host#371,2
room#742,host#371,2
room#743,host#372,2
room#744,host#372,2
room#745,host#373,2
room#746,host#373,2
room#747,host#374,2
room#748,host#374,2
room#749,host#375,2
room#750,host#375,2
room#751,host#376,2
room#752,host#376,2
room#753,host#377,2
room#754,host#377,2
room#755,host#378,2
room#756,host#378,2
room#757,host#379,2
room#758,host#379,2
room#759,host#380,2
room#760,host#380,2
room#761,host#381,2
room#762,host#381,2
room#763,host#382,2
room#764,host#382,2
room#765,host#383,2
room#766,host#383,2
room#767,host#384,2
room#768,host#384,2
room#769,host#385,2
room#770,host#385,2
room#771,host#386,2
room#772,host#386,2
room#773,host#387,2
room#774,host#387,2
room#775,host#388,2
room#776,host#388,2
room#777,host#389,2
room#778,host#389,2
room#779,host#390,2
room#780,host#390,2
room#781,host#391,2
room#782,host#391,2
room#783,host#392,2
room#784,host#392,2
room#785,host#393,2
room#786,host#393,2
room#787,host#394,2
room#788,host#394,2
room#789,host#395,2
room#790,host#395,2
room#791,host#396,2
room#792,host#396,2
room#793,host#397,2
room#794,host#397,2
room#795,host#398,2
room#796,host#398,2
room#797,host#399,2
room#798,host#399,2
room#799,host#400,2
room#800,host#400,2
room#801,host#401,2
room#802,host#401,2
room#803,host#402,2
room#804,host#402,2
room#805,host#403,2
room#806,host#403,2
room#807,host#404,2
room#808,host#404,2
room#809,host#405,2
room#810,host#405,2
room#811,host#406,2
room#812,host#406,2
room#813,host#407,2
room#814,host#407,2
room#815,host#408,2
room#816,host#408,2
room#817,host#409,2
room#818,host#409,2
room#819,host#410,2
room#820,host#410,2
room#821,host#411,2
room#822,host#411,2
room#823,host#412,2
room#824,host#412,2
room#825,host#413,2
room#826,host#413,2
room#827,host#414,2
room#828,host#414,2
room#829,host#415,2
room#830,host#415,2
room#831,host#416,2
room#832,host#416,2
room#833,host#417,2
room#834,host#417,2
room#835,host#418,2
room#836,host#418,2
room#837,host#419,2
room#838,host#419,2
room#839,host#420,2
room#840,host#420,2
room#841,host#421,2
room#842,host#421,2
room#843,host#422,2
room#844,host#422,2
room#845,host#423,2
room#846,host#423,2
room#847,host#424,2
room#848,host#424,2
room#849,host#425,2
room#850,host#425,2
room#851,host#426,2
room#852,host#426,2
room#853,host#427,2
room#854,host#427,2
room#855,host#428,2
room#856,host#428,2
room#857,host#429,2
room#858,host#429,2
room#859,host#430,2
room#860,host#430,2
room#861,host#431,2
room#862,host#431,2
room#863,host#432,2
room#864,host#432,2
room#865,host#433,2
room#866,host#433,2
room#867,host#434,2
room#868,host#434,2
room#869,host#435,2
room#870,host#435,2
room#871,host#436,2
room#872,host#436,2
room#873,host#437,2
room#874,host#437,2
room#875,host#438,2
room#876,host#438,2
room#877,host#439,2
room#878,host#439,2
room#879,host#440,2
room#880,host#440,2
room#881,host#441,2
room#882,host#441,2
room#883,host#442,2
room#884,host#442,2
room#885,host#443,2
room#886,host#443,2
room#887,host#444,2
room#888,host#444,2
room#889,host#445,2
room#890,host#445,2
room#891,host#446,2
room#892,host#446,2
room#893,host#447,2
room#894,host#447,2
room#895,host#448,2
room#896,host#448,2
room#897,host#449,2
room#898,host#449,2
room#899,host#450,2
room#900,host#450,2
room#901,host#451,2
room#902,host#451,2
room#903,host#452,2
room#904,host#452,2
room#905,host#453,2
room#906,host#453,2
room#907,host#454,2
room#908,host#454,2
room#909,host#455,2
room#910,host#455,2
room#911,host#456,2
room#912,host#456,2
room#913,host#457,2
room#914,host#457,2
room#915,host#458,2
room#916,host#458,2
room#917,host#459,2
room#918,host#459,2
room#919,host#460,2
room#920,host#460,2
room#921,host#461,2
room#922,host#461,2
room#923,host#462,2
room#924,host#462,2
room#925,host#463,2
room#926,host#463,2
room#927,host#464,2
room#928,host#464,2
room#929,host#465,2
room#930,host#465,2
room#931,host#466,2
room#932,host#466,2
room#933,host#467,2
room#934,host#467,2
room#935,host#468,2
room#936,host#468,2
room#937,host#469,2
room#938,host#469,2
room#939,host#470,2
room#940,host#470,2
room#941,host#471,2
room#942,host#471,2
room#943,host#472,2
room#944,host#472,2
room#945,host#473,2
room#946,host#473,2
room#947,host#474,2
room#948,host#474,2
room#949,host#475,2
room#950,host#475,2
room#951,host#476,2
room#952,host#476,2
room#953,host#477,2
room#954,host#477,2
room#955,host#478,2
room#956,host#478,2
room#957,host#479,2
room#958,host#479,2
room#959,host#480,2
room#960,host#480,2
room#961,host#481,2
room#962,host#481,2
room#963,host#482,2
room#964,host#482,2
room#965,host#483,2
room#966,host#483,2
room#967,host#484,2
room#968,host#484,2
room#969,host#485,2
room#970,host#485,2
room#971,host#486,2
room#972,host#486,2
room#973,host#487,2
room#974,host#487,2
room#975,host#488,2
room#976,host#488,2
room#977,host#489,2
room#978,host#489,2
room#979,host#490,2
room#980,host#490,2
room#981,host#491,2
room#982,host#491,2
room#983,host#492,2
room#984,host#492,2
room#985,host#493,2
room#986,host#493,2
room#987,host#494,2
room#988,host#494,2
room#989,host#495,2
room#990,host#495,2
room#991,host#496,2
room#992,host#496,2
room#993,host#497,2
room#994,host#497,2
room#995,host#498,2
room#996,host#498,2
room#997,host#499,2
room#998,host#499,2
room#999,host#500,2
room#1000,host#500,2
room#1001,host#501,2
room#1002,host#501,2
room#1003,host#502,2
room#1004,host#502,2
room#1005,host#503,2
room#1006,host#503,2
room#1007,host#504,2
room#1008,host#504,2
room#1009,host#505,2
room#1010,host#505,2
room#1011,host#506,2
room#1012,host#506,2
room#1013,host#507,2
room#1014,host#507,2
room#1015,host#508,2
room#1016,host#508,2
room#1017,host#509,2
room#1018,host#509,2
room#1019,host#510,2
room#1020,host#510,2
room#1021,host#511,2
room#1022,host#511,2
room#1023,host#512,2
room#1024,host#512,2
room#1025,host#513,2
room#1026,host#513,2
room#1027,host#514,2
room#1028,host#514,2
room#1029,host#515,2
room#1030,host#515,2
room#1031,host#516,2
room#1032,host#516,2
room#1033,host#517,2
room#1034,host#517,2
room#1035,host#518,2
room#1036,host#518,2
room#1037,host#519,2
room#1038,host#519,2
room#1039,host#520,2
room#1040,host#520,2
room#1041,host#521,2
room#1042,host#521,2
room#1043,host#522,2
room#1044,host#522,2
room#1045,host#523,2
room#1046,host#523,2
room#1047,host#524,2
room#1048,host#524,2
room#1049,host#525,2
room#1050,host#525,2
room#1051,host#526,2
room#1052,host#526,2
room#1053,host#527,2
room#1054,host#527,2
room#1055,host#528,2
room#1056,host#528,2
room#1057,host#529,2
room#1058,host#529,2
room#1059,host#530,2
room#1060,host#530,2
room#1061,host#531,2
room#1062,host#531,2
room#1063,host#532,2
room#1064,host#532,2
room#1065,host#533,2
room#1066,host#533,2
room#1067,host#534,2
room#1068,host#534,2
room#1069,host#535,2
room#1070,host#535,2
room#1071,host#536,2
room#1072,host#536,2
room#1073,host#537,2
room#1074,host#537,2
room#1075,host#538,2
room#1076,host#538,2
room#1077,host#539,2
room#1078,host#539,2
room#1079,host#540,2
room#1080,host#540,2
room#1081,host#541,2
room#1082,host#541,2
room#1083,host#542,2
room#1084,host#542,2
room#1085,host#543,2
room#1086,host#543,2
room#1087,host#544,2
room#1088,host#544,2
room#1089,host#545,2
room#1090,host#545,2
room#1091,host#546,2
room#1092,host#546,2
room#1093,host#547,2
room#1094,host#547,2
room#1095,host#548,2
room#1096,host#548,2
room#1097,host#549,2
room#1098,host#549,2
room#1099,host#550,2
room#1100,host#550,2
room#1101,host#551,2
room#1102,host#551,2
room#1103,host#552,2
room#1104,host#552,2
room#1105,host#553,2
room#1106,host#553,2
room#1107,host#554,2
room#1108,host#554,2
room#1109,host#555,2
room#1110,host#555,2
room#1111,host#556,2
room#1112,host#556,2
room#1113,host#557,2
room#1114,host#557,2
room#1115,host#558,2
room#1116,host#558,2
room#1117,host#559,2
room#1118,host#559,2
room#1119,host#560,2
room#1120,host#560,2
room#1121,host#561,2
room#1122,host#561,2
room#1123,host#562,2
room#1124,host#562,2
room#1125,host#563,2
room#1126,host#563,2
room#1127,host#564,2
room#1128,host#564,2
room#1129,host#565,2
room#1130,host#565,2
room#1131,host#566,2
room#1132,host#566,2
room#1133,host#567,2
room#1134,host#567,2
room#1135,host#568,2
room#1136,host#568,2
room#1137,host#569,2
room#1138,host#569,2
room#1139,host#570,2
room#1140,host#570,2
room#1141,host#571,2
room#1142,host#571,2
room#1143,host#572,2
room#1144,host#572,2
room#1145,host#573,2
room#1146,host#573,2
room#1147,host#574,2
room#1148,host#574,2
room#1149,host#575,2
room#1150,host#575,2
room#1151,host#576,2
room#1152,host#576,2
room#1153,host#577,2
room#1154,host#577,2
room#1155,host#578,2
room#1156,host#578,2
room#1157,host#579,2
room#1158,host#579,2
room#1159,host#580,2
room#1160,host#580,2
room#1161,host#581,2
room#1162,host#581,2
room#1163,host#582,2
room#1164,host#582,2
room#1165,host#583,2
room#1166,host#583,2
room#1167,host#584,2
room#1168,host#584,2
room#1169,host#585,2
room#1170,host#585,2
room#1171,host#586,2
room#1172,host#586,2
room#1173,host#587,2
room#1174,host#587,2
room#1175,host#588,2
room#1176,host#588,2
room#1177,host#589,2
room#1178,host#589,2
room#1179,host#590,2
room#1180,host#590,2
room#1181,host#591,2
room#1182,host#591,2
room#1183,host#592,2
room#1184,host#592,2
room#1185,host#593,2
room#1186,host#593,2
room#1187,host#594,2
room#1188,host#594,2
room#1189,host#595,2
room#1190,host#595,2
room#1191,host#596,2
room#1192,host#596,2
room#1193,host#597,2
room#1194,host#597,2
room#1195,host#598,2
room#1196,host#598,2
room#1197,host#599,2
room#1198,host#599,2
room#1199,host#600,2
room#1200,host#600,2
room#1201,host#601,2
room#1202,host#601,2
room#1203,host#602,2
room#1204,host#602,2
room#1205,host#603,2
room#1206,host#603,2
room#1207,host#604,2
room#1208,host#604,2
room#1209,host#605,2
room#1210,host#605,2
room#1211,host#606,2
room#1212,host#606,2
room#1213,host#607,2
room#1214,host#607,2
room#1215,host#608,2
room#1216,host#608,2
room#1217,host#609,2
room#1218,host#609,2
room#1219,host#610,2
room#1220,host#610,2
room#1221,host#611,2
room#1222,host#611,2
room#1223,host#612,2
room#1224,host#612,2
room#1225,host#613,2
room#1226,host#613,2
room#1227,host#614,2
room#1228,host#614,2
room#1229,host#615,2
room#1230,host#615,2
room#1231,host#616,2
room#1232,host#616,2
room#1233,host#617,2
room#1234,host#617,2
room#1235,host#618,2
room#1236,host#618,2
room#1237,host#619,2
room#1238,host#619,2
room#1239,host#620,2
room#1240,host#620,2
room#1241,host#621,2
room#1242,host#621,2
room#1243,host#622,2
room#1244,host#622,2
room#1245,host#623,2
room#1246,host#623,2
room#1247,host#624,2
room#1248,host#624,2
room#1249,host#625,2
room#1250,host#625,2
room#1251,host#626,2
room#1252,host#626,2
room#1253,host#627,2
room#1254,host#627,2
room#1255,host#628,2
room#1256,host#628,2
room#1257,host#629,2
room#1258,host#629,2
room#1259,host#630,2
room#1260,host#630,2
room#1261,host#631,2
room#1262,host#631,2
room#1263,host#632,2
room#1264,host#632,2
room#1265,host#633,2
room#1266,host#633,2
room#1267,host#634,2
room#1268,host#634,2
room#1269,host#635,2
room#1270,host#635,2
room#1271,host#636,2
room#1272,host#636,2
room#1273,host#637,2
room#1274,host#637,2
room#1275,host#638,2
room#1276,host#638,2
room#1277,host#639,2
room#1278,host#639,2
room#1279,host#640,2
room#1280,host#640,2
room#1281,host#641,2
room#1282,host#641,2
room#1283,host#642,2
room#1284,host#642,2
room#1285,host#643,2
room#1286,host#643,2
room#1287,host#644,2
room#1288,host#644,2
room#1289,host#645,2
room#1290,host#645,2
room#1291,host#646,2
room#1292,host#646,2
room#1293,host#647,2
room#1294,host#647,2
room#1295,host#648,2
room#1296,host#648,2
room#1297,host#649,2
room#1298,host#649,2
room#1299,host#650,2
room#1300,host#650,2
room#1301,host#651,2
room#1302,host#651,2
room#1303,host#652,2
room#1304,host#652,2
room#1305,host#653,2
room#1306,host#653,2
room#1307,host#654,2
room#1308,host#654,2
room#1309,host#655,2
room#1310,host#655,2
room#1311,host#656,2
room#1312,host#656,2
room#1313,host#657,2
room#1314,host#657,2
room#1315,host#658,2
room#1316,host#658,2
room#1317,host#659,2
room#1318,host#659,2
room#1319,host#660,2
room#1320,host#660,2
room#1321,host#661,2
room#1322,host#661,2
room#1323,host#662,2
room#1324,host#662,2
room#1325,host#663,2
room#1326,host#663,2
room#1327,host#664,2
room#1328,host#664,2
room#1329,host#665,2
room#1330,host#665,2
room#1331,host#666,2
room#1332,host#666,2
room#1333,host#667,2
room#1334,host#667,2
room#1335,host#668,2
room#1336,host#668,2
room#1337,host#669,2
room#1338,host#669,2
room#1339,host#670,2
room#1340,host#670,2
room#1341,host#671,2
room#1342,host#671,2
room#1343,host#672,2
room#1344,host#672,2
room#1345,host#673,2
room#1346,host#673,2
room#1347,host#674,2
room#1348,host#674,2
room#1349,host#675,2
room#1350,host#675,2
room#1351,host#676,2
room#1352,host#676,2
room#1353,host#677,2
room#1354,host#677,2
room#1355,host#678,2
room#1356,host#678,2
room#1357,host#679,2
room#1358,host#679,2
room#1359,host#680,2
room#1360,host#680,2
room#1361,host#681,2
room#1362,host#681,2
room#1363,host#682,2
room#1364,host#682,2
room#1365,host#683,2
room#1366,host#683,2
room#1367,host#684,2
room#1368,host#684,2
room#1369,host#685,2
room#1370,host#685,2
room#1371,host#686,2
room#1372,host#686,2
room#1373,host#687,2
room#1374,host#687,2
room#1375,host#688,2
room#1376,host#688,2
room#1377,host#689,2
room#1378,host#689,2
room#1379,host#690,2
room#1380,host#690,2
room#1381,host#691,2
room#1382,host#691,2
room#1383,host#692,2
room#1384,host#692,2
room#1385,host#693,2
room#1386,host#693,2
room#1387,host#694,2
room#1388,host#694,2
room#1389,host#695,2
room#1390,host#695,2
room#1391,host#696,2
room#1392,host#696,2
room#1393,host#697,2
room#1394,host#697,2
room#1395,host#698,2
room#1396,host#698,2
room#1397,host#699,2
room#1398,host#699,2
room#1399,host#700,2
room#1400,host#700,2
room#1401,host#701,2
room#1402,host#701,2
room#1403,host#702,2
room#1404,host#702,2
room#1405,host#703,2
room#1406,host#703,2
room#1407,host#704,2
room#1408,host#704,2
room#1409,host#705,2
room#1410,host#705,2
room#1411,host#706,2
room#1412,host#706,2
room#1413,host#707,2
room#1414,host#707,2
room#1415,host#708,2
room#1416,host#708,2
room#1417,host#709,2
room#1418,host#709,2
room#1419,host#710,2
room#1420,host#710,2
room#1421,host#711,2
room#1422,host#711,2
room#1423,host#712,2
room#1424,host#712,2
room#1425,host#713,2
room#1426,host#713,2
room#1427,host#714,2
room#1428,host#714,2
room#1429,host#715,2
room#1430,host#715,2
room#1431,host#716,2
room#1432,host#716,2
room#1433,host#717,2
room#1434,host#717,2
room#1435,host#718,2
room#1436,host#718,2
room#1437,host#719,2
room#1438,host#719,2
room#1439,host#720,2
room#1440,host#720,2
room#1441,host#721,2
room#1442,host#721,2
room#1443,host#722,2
room#1444,host#722,2
room#1445,host#723,2
room#1446,host#723,2
room#1447,host#724,2
room#1448,host#724,2
room#1449,host#725,2
room#1450,host#725,2
room#1451,host#726,2
room#1452,host#726,2
room#1453,host#727,2
room#1454,host#727,2
room#1455,host#728,2
room#1456,host#728,2
room#1457,host#729,2
room#1458,host#729,2
room#1459,host#730,2
room#1460,host#730,2
room#1461,host#731,2
room#1462,host#731,2
room#1463,host#732,2
room#1464,host#732,2
room#1465,host#733,2
room#1466,host#733,2
room#1467,host#734,2
room#1468,host#734,2
room#1469,host#735,2
room#1470,host#735,2
room#1471,host#736,2
room#1472,host#736,2
room#1473,host#737,2
room#1474,host#737,2
room#1475,host#738,2
room#1476,host#738,2
room#1477,host#739,2
room#1478,host#739,2
room#1479,host#740,2
room#1480,host#740,2
room#1481,host#741,2
room#1482,host#741,2
room#1483,host#742,2
room#1484,host#742,2
room#1485,host#743,2
room#1486,host#743,2
room#1487,host#744,2
room#1488,host#744,2
room#1489,host#745,2
room#1490,host#745,2
room#1491,host#746,2
room#1492,host#746,2
room#1493,host#747,2
room#1494,host#747,2
room#1495,host#748,2
room#1496,host#748,2
room#1497,host#749,2
room#1498,host#749,2
room#1499,host#750,2
room#1500,host#750,2
room#1501,host#751,2
room#1502,host#751,2
room#1503,host#752,2
room#1504,host#752,2
room#1505,host#753,2
room#1506,host#753,2
room#1507,host#754,2
room#1508,host#754,2
room#1509,host#755,2
room#1510,host#755,2
room#1511,host#756,2
room#1512,host#756,2
room#1513,host#757,2
room#1514,host#757,2
room#1515,host#758,2
room#1516,host#758,2
room#1517,host#759,2
room#1518,host#759,2
room#1519,host#760,2
room#1520,host#760,2
room#1521,host#761,2
room#1522,host#761,2
room#1523,host#762,2
room#1524,host#762,2
room#1525,host#763,2
room#1526,host#763,2
room#1527,host#764,2
room#1528,host#764,2
room#1529,host#765,2
room#1530,host#765,2
room#1531,host#766,2
room#1532,host#766,2
room#1533,host#767,2
room#1534,host#767,2
room#1535,host#768,2
room#1536,host#768,2
room#1537,host#769,2
room#1538,host#769,2
room#1539,host#770,2
room#1540,host#770,2
room#1541,host#771,2
room#1542,host#771,2
room#1543,host#772,2
room#1544,host#772,2
room#1545,host#773,2
room#1546,host#773,2
room#1547,host#774,2
room#1548,host#774,2
room#1549,host#775,2
room#1550,host#775,2
room#1551,host#776,2
room#1552,host#776,2
room#1553,host#777,2
room#1554,host#777,2
room#1555,host#778,2
room#1556,host#778,2
room#1557,host#779,2
room#1558,host#779,2
room#1559,host#780,2
room#1560,host#780,2
room#1561,host#781,2
room#1562,host#781,2
room#1563,host#782,2
room#1564,host#782,2
room#1565,host#783,2
room#1566,host#783,2
room#1567,host#784,2
room#1568,host#784,2
room#1569,host#785,2
room#1570,host#785,2
room#1571,host#786,2
room#1572,host#786,2
room#1573,host#787,2
room#1574,host#787,2
room#1575,host#788,2
room#1576,host#788,2
room#1577,host#789,2
room#1578,host#789,2
room#1579,host#790,2
room#1580,host#790,2
room#1581,host#791,2
room#1582,host#791,2
room#1583,host#792,2
room#1584,host#792,2
room#1585,host#793,2
room#1586,host#793,2
room#1587,host#794,2
room#1588,host#794,2
room#1589,host#795,2
room#1590,host#795,2
room#1591,host#796,2
room#1592,host#796,2
room#1593,host#797,2
room#1594,host#797,2
room#1595,host#798,2
room#1596,host#798,2
room#1597,host#799,2
room#1598,host#799,2
room#1599,host#800,2
room#1600,host#800,2
room#1601,host#801,2
room#1602,host#801,2
room#1603,host#802,2
room#1604,host#802,2
room#1605,host#803,2
room#1606,host#803,2
room#1607,host#804,2
room#1608,host#804,2
room#1609,host#805,2
room#1610,host#805,2
room#1611,host#806,2
room#1612,host#806,2
room#1613,host#807,2
room#1614,host#807,2
room#1615,host#808,2
room#1616,host#808,2
room#1617,host#809,2
room#1618,host#809,2
room#1619,host#810,2
room#1620,host#810,2
room#1621,host#811,2
room#1622,host#811,2
room#1623,host#812,2
room#1624,host#812,2
room#1625,host#813,2
room#1626,host#813,2
room#1627,host#814,2
room#1628,host#814,2
room#1629,host#815,2
room#1630,host#815,2
room#1631,host#816,2
room#1632,host#816,2
room#1633,host#817,2
room#1634,host#817,2
room#1635,host#818,2
room#1636,host#818,2
room#1637,host#819,2
room#1638,host#819,2
room#1639,host#820,2
room#1640,host#820,2
room#1641,host#821,2
room#1642,host#821,2
room#1643,host#822,2
room#1644,host#822,2
room#1645,host#823,2
room#1646,host#823,2
room#1647,host#824,2
room#1648,host#824,2
room#1649,host#825,2
room#1650,host#825,2
room#1651,host#826,2
room#1652,host#826,2
room#1653,host#827,2
room#1654,host#827,2
room#1655,host#828,2
room#1656,host#828,2
room#1657,host#829,2
room#1658,host#829,2
room#1659,host#830,2
room#1660,host#830,2
room#1661,host#831,2
room#1662,host#831,2
room#1663,host#832,2
room#1664,host#832,2
room#1665,host#833,2
room#1666,host#833,2
room#1667,host#834,2
room#1668,host#834,2
room#1669,host#835,2
room#1670,host#835,2
room#1671,host#836,2
room#1672,host#836,2
room#1673,host#837,2
room#1674,host#837,2
room#1675,host#838,2
room#1676,host#838,2
room#1677,host#839,2
room#1678,host#839,2
room#1679,host#840,2
room#1680,host#840,2
room#1681,host#841,2
room#1682,host#841,2
room#1683,host#842,2
room#1684,host#842,2
room#1685,host#843,2
room#1686,host#843,2
room#1687,host#844,2
room#1688,host#844,2
room#1689,host#845,2
room#1690,host#845,2
room#1691,host#846,2
room#1692,host#846,2
room#1693,host#847,2
room#1694,host#847,2
room#1695,host#848,2
room#1696,host#848,2
room#1697,host#849,2
room#1698,host#849,2
room#1699,host#850,2
room#1700,host#850,2
room#1701,host#851,2
room#1702,host#851,2
room#1703,host#852,2
room#1704,host#852,2
room#1705,host#853,2
room#1706,host#853,2
room#1707,host#854,2
room#1708,host#854,2
room#1709,host#855,2
room#1710,host#855,2
room#1711,host#856,2
room#1712,host#856,2
room#1713,host#857,2
room#1714,host#857,2
room#1715,host#858,2
room#1716,host#858,2
room#1717,host#859,2
room#1718,host#859,2
room#1719,host#860,2
room#1720,host#860,2
room#1721,host#861,2
room#1722,host#861,2
room#1723,host#862,2
room#1724,host#862,2
room#1725,host#863,2
room#1726,host#863,2
room#1727,host#864,2
room#1728,host#864,2
room#1729,host#865,2
room#1730,host#865,2
room#1731,host#866,2
room#1732,host#866,2
room#1733,host#867,2
room#1734,host#867,2
room#1735,host#868,2
room#1736,host#868,2
room#1737,host#869,2
room#1738,host#869,2
room#1739,host#870,2
room#1740,host#870,2
room#1741,host#871,2
room#1742,host#871,2
room#1743,host#872,2
room#1744,host#872,2
room#1745,host#873,2
room#1746,host#873,2
room#1747,host#874,2
room#1748,host#874,2
room#1749,host#875,2
room#1750,host#875,2
room#1751,host#876,2
room#1752,host#876,2
room#1753,host#877,2
room#1754,host#877,2
room#1755,host#878,2
room#1756,host#878,2
room#1757,host#879,2
room#1758,host#879,2
room#1759,host#880,2
room#1760,host#880,2
room#1761,host#881,2
room#1762,host#881,2
room#1763,host#882,2
room#1764,host#882,2
room#1765,host#883,2
room#1766,host#883,2
room#1767,host#884,2
room#1768,host#884,2
room#1769,host#885,2
room#1770,host#885,2
room#1771,host#886,2
room#1772,host#886,2
room#1773,host#887,2
room#1774,host#887,2
room#1775,host#888,2
room#1776,host#888,2
room#1777,host#889,2
room#1778,host#889,2
room#1779,host#890,2
room#1780,host#890,2
room#1781,host#891,2
room#1782,host#891,2
room#1783,host#892,2
room#1784,host#892,2
room#1785,host#893,2
room#1786,host#893,2
room#1787,host#894,2
room#1788,host#894,2
room#1789,host#895,2
room#1790,host#895,2
room#1791,host#896,2
room#1792,host#896,2
room#1793,host#897,2
room#1794,host#897,2
room#1795,host#898,2
room#1796,host#898,2
room#1797,host#899,2
room#1798,host#899,2
room#1799,host#900,2
room#1800,host#900,2
room#1801,host#901,2
room#1802,host#901,2
room#1803,host#902,2
room#1804,host#902,2
room#1805,host#903,2
room#1806,host#903,2
room#1807,host#904,2
room#1808,host#904,2
room#1809,host#905,2
room#1810,host#905,2
room#1811,host#906,2
room#1812,host#906,2
room#1813,host#907,2
room#1814,host#907,2
room#1815,host#908,2
room#1816,host#908,2
room#1817,host#909,2
room#1818,host#909,2
room#1819,host#910,2
room#1820,host#910,2
room#1821,host#911,2
room#1822,host#911,2
room#1823,host#912,2
room#1824,host#912,2
room#1825,host#913,2
room#1826,host#913,2
room#1827,host#914,2
room#1828,host#914,2
room#1829,host#915,2
room#1830,host#915,2
room#1831,host#916,2
room#1832,host#916,2
room#1833,host#917,2
room#1834,host#917,2
room#1835,host#918,2
room#1836,host#918,2
room#1837,host#919,2
room#1838,host#919,2
room#1839,host#920,2
room#1840,host#920,2
room#1841,host#921,2
room#1842,host#921,2
room#1843,host#922,2
room#1844,host#922,2
room#1845,host#923,2
room#1846,host#923,2
room#1847,host#924,2
room#1848,host#924,2
room#1849,host#925,2
room#1850,host#925,2
room#1851,host#926,2
room#1852,host#926,2
room#1853,host#927,2
room#1854,host#927,2
room#1855,host#928,2
room#1856,host#928,2
room#1857,host#929,2
room#1858,host#929,2
room#1859,host#930,2
room#1860,host#930,2
room#1861,host#931,2
room#1862,host#931,2
room#1863,host#932,2
room#1864,host#932,2
room#1865,host#933,2
room#1866,host#933,2
room#1867,host#934,2
room#1868,host#934,2
room#1869,host#935,2
room#1870,host#935,2
room#1871,host#936,2
room#1872,host#936,2
room#1873,host#937,2
room#1874,host#937,2
room#1875,host#938,2
room#1876,host#938,2
room#1877,host#939,2
room#1878,host#939,2
room#1879,host#940,2
room#1880,host#940,2
room#1881,host#941,2
room#1882,host#941,2
room#1883,host#942,2
room#1884,host#942,2
room#1885,host#943,2
room#1886,host#943,2
room#1887,host#944,2
room#1888,host#944,2
room#1889,host#945,2
room#1890,host#945,2
room#1891,host#946,2
room#1892,host#946,2
room#1893,host#947,2
room#1894,host#947,2
room#1895,host#948,2
room#1896,host#948,2
room#1897,host#949,2
room#1898,host#949,2
room#1899,host#950,2
room#1900,host#950,2
room#1901,host#951,2
room#1902,host#951,2
room#1903,host#952,2
room#1904,host#952,2
room#1905,host#953,2
room#1906,host#953,2
room#1907,host#954,2
room#1908,host#954,2
room#1909,host#955,2
room#1910,host#955,2
room#1911,host#956,2
room#1912,host#956,2
room#1913,host#957,2
room#1914,host#957,2
room#1915,host#958,2
room#1916,host#958,2
room#1917,host#959,2
room#1918,host#959,2
room#1919,host#960,2
room#1920,host#960,2
room#1921,host#961,2
room#1922,host#961,2
room#1923,host#962,2
room#1924,host#962,2
room#1925,host#963,2
room#1926,host#963,2
room#1927,host#964,2
room#1928,host#964,2
room#1929,host#965,2
room#1930,host#965,2
room#1931,host#966,2
room#1932,host#966,2
room#1933,host#967,2
room#1934,host#967,2
room#1935,host#968,2
room#1936,host#968,2
room#1937,host#969,2
room#1938,host#969,2
room#1939,host#970,2
room#1940,host#970,2
room#1941,host#971,2
room#1942,host#971,2
room#1943,host#972,2
room#1944,host#972,2
room#1945,host#973,2
room#1946,host#973,2
room#1947,host#974,2
room#1948,host#974,2
room#1949,host#975,2
room#1950,host#975,2
room#1951,host#976,2
room#1952,host#976,2
room#1953,host#977,2
room#1954,host#977,2
room#1955,host#978,2
room#1956,host#978,2
room#1957,host#979,2
room#1958,host#979,2
room#1959,host#980,2
room#1960,host#980,2
room#1961,host#981,2
room#1962,host#981,2
room#1963,host#982,2
room#1964,host#982,2
room#1965,host#983,2
room#1966,host#983,2
room#1967,host#984,2
room#1968,host#984,2
room#1969,host#985,2
room#1970,host#985,2
room#1971,host#986,2
room#1972,host#986,2
room#1973,host#987,2
room#1974,host#987,2
room#1975,host#988,2
room#1976,host#988,2
room#1977,host#989,2
room#1978,host#989,2
room#1979,host#990,2
room#1980,host#990,2
room#1981,host#991,2
room#1982,host#991,2
room#1983,host#992,2
room#1984,host#992,2
room#1985,host#993,2
room#1986,host#993,2
room#1987,host#994,2
room#1988,host#994,2
room#1989,host#995,2
room#1990,host#995,2
room#1991,host#996,2
room#1992,host#996,2
room#1993,host#997,2
room#1994,host#997,2
room#1995,host#998,2
room#1996,host#998,2
room#1997,host#999,2
room#1998,host#999,2
room#1999,host#1000,2
room#2000,host#1000,2
room#2001,host#1001,2
room#2002,host#1001,2
room#2003,host#1002,2
room#2004,host#1002,2
room#2005,host#1003,2
room#2006,host#1003,2
room#2007,host#1004,2
room#2008,host#1004,2
room#2009,host#1005,2
room#2010,host#1005,2
room#2011,host#1006,2
room#2012,host#1006,2
room#2013,host#1007,2
room#2014,host#1007,2
room#2015,host#1008,2
room#2016,host#1008,2
room#2017,host#1009,2
room#2018,host#1009,2
room#2019,host#1010,2
room#2020,host#1010,2
room#2021,host#1011,2
room#2022,host#1011,2
room#2023,host#1012,2
room#2024,host#1012,2
room#2025,host#1013,2
room#2026,host#1013,2
room#2027,host#1014,2
room#2028,host#1014,2
room#2029,host#1015,2
room#2030,host#1015,2
room#2031,host#1016,2
room#2032,host#1016,2
room#2033,host#1017,2
room#2034,host#1017,2
room#2035,host#1018,2
room#2036,host#1018,2
room#2037,host#1019,2
room#2038,host#1019,2
room#2039,host#1020,2
room#2040,host#1020,2
room#2041,host#1021,2
room#2042,host#1021,2
room#2043,host#1022,2
room#2044,host#1022,2
room#2045,host#1023,2
room#2046,host#1023,2
room#2047,host#1024,2
room#2048,host#1024,2
room#2049,host#1025,2
room#2050,host#1025,2
room#2051,host#1026,2
room#2052,host#1026,2
room#2053,host#1027,2
room#2054,host#1027,2
room#2055,host#1028,2
room#2056,host#1028,2
room#2057,host#1029,2
room#2058,host#1029,2
room#2059,host#1030,2
room#2060,host#1030,2
room#2061,host#1031,2
room#2062,host#1031,2
room#2063,host#1032,2
room#2064,host#1032,2
room#2065,host#1033,2
room#2066,host#1033,2
room#2067,host#1034,2
room#2068,host#1034,2
room#2069,host#1035,2
room#2070,host#1035,2
room#2071,host#1036,2
room#2072,host#1036,2
room#2073,host#1037,2
room#2074,host#1037,2
room#2075,host#1038,2
room#2076,host#1038,2
room#2077,host#1039,2
room#2078,host#1039,2
room#2079,host#1040,2
room#2080,host#1040,2
room#2081,host#1041,2
room#2082,host#1041,2
room#2083,host#1042,2
room#2084,host#1042,2
room#2085,host#1043,2
room#2086,host#1043,2
room#2087,host#1044,2
room#2088,host#1044,2
room#2089,host#1045,2
room#2090,host#1045,2
room#2091,host#1046,2
room#2092,host#1046,2
room#2093,host#1047,2
room#2094,host#1047,2
room#2095,host#1048,2
room#2096,host#1048,2
room#2097,host#1049,2
room#2098,host#1049,2
room#2099,host#1050,2
room#2100,host#1050,2
room#2101,host#1051,2
room#2102,host#1051,2
room#2103,host#1052,2
room#2104,host#1052,2
room#2105,host#1053,2
room#2106,host#1053,2
room#2107,host#1054,2
room#2108,host#1054,2
room#2109,host#1055,2
room#2110,host#1055,2
room#2111,host#1056,2
room#2112,host#1056,2
room#2113,host#1057,2
room#2114,host#1057,2
room#2115,host#1058,2
room#2116,host#1058,2
room#2117,host#1059,2
room#2118,host#1059,2
room#2119,host#1060,2
room#2120,host#1060,2
room#2121,host#1061,2
room#2122,host#1061,2
room#2123,host#1062,2
room#2124,host#1062,2
room#2125,host#1063,2
room#2126,host#1063,2
room#2127,host#1064,2
room#2128,host#1064,2
room#2129,host#1065,2
room#2130,host#1065,2
room#2131,host#1066,2
room#2132,host#1066,2
room#2133,host#1067,2
room#2134,host#1067,2
room#2135,host#1068,2
room#2136,host#1068,2
room#2137,host#1069,2
room#2138,host#1069,2
room#2139,host#1070,2
room#2140,host#1070,2
room#2141,host#1071,2
room#2142,host#1071,2
room#2143,host#1072,2
room#2144,host#1072,2
room#2145,host#1073,2
room#2146,host#1073,2
room#2147,host#1074,2
room#2148,host#1074,2
room#2149,host#1075,2
room#2150,host#1075,2
room#2151,host#1076,2
room#2152,host#1076,2
room#2153,host#1077,2
room#2154,host#1077,2
room#2155,host#1078,2
room#2156,host#1078,2
room#2157,host#1079,2
room#2158,host#1079,2
room#2159,host#1080,2
room#2160,host#1080,2
room#2161,host#1081,2
room#2162,host#1081,2
room#2163,host#1082,2
room#2164,host#1082,2
room#2165,host#1083,2
room#2166,host#1083,2
room#2167,host#1084,2
room#2168,host#1084,2
room#2169,host#1085,2
room#2170,host#1085,2
room#2171,host#1086,2
room#2172,host#1086,2
room#2173,host#1087,2
room#2174,host#1087,2
room#2175,host#1088,2
room#2176,host#1088,2
room#2177,host#1089,2
room#2178,host#1089,2
room#2179,host#1090,2
room#2180,host#1090,2
room#2181,host#1091,2
room#2182,host#1091,2
room#2183,host#1092,2
room#2184,host#1092,2
room#2185,host#1093,2
room#2186,host#1093,2
room#2187,host#1094,2
room#2188,host#1094,2
room#2189,host#1095,2
room#2190,host#1095,2
room#2191,host#1096,2
room#2192,host#1096,2
room#2193,host#1097,2
room#2194,host#1097,2
room#2195,host#1098,2
room#2196,host#1098,2
room#2197,host#1099,2
room#2198,host#1099,2
room#2199,host#1100,2
room#2200,host#1100,2
room#2201,host#1101,2
room#2202,host#1101,2
room#2203,host#1102,2
room#2204,host#1102,2
room#2205,host#1103,2
room#2206,host#1103,2
room#2207,host#1104,2
room#2208,host#1104,2
room#2209,host#1105,2
room#2210,host#1105,2
room#2211,host#1106,2
room#2212,host#1106,2
room#2213,host#1107,2
room#2214,host#1107,2
room#2215,host#1108,2
room#2216,host#1108,2
room#2217,host#1109,2
room#2218,host#1109,2
room#2219,host#1110,2
room#2220,host#1110,2
room#2221,host#1111,2
room#2222,host#1111,2
room#2223,host#1112,2
room#2224,host#1112,2
room#2225,host#1113,2
room#2226,host#1113,2
room#2227,host#1114,2
room#2228,host#1114,2
room#2229,host#1115,2
room#2230,host#1115,2
room#2231,host#1116,2
room#2232,host#1116,2
room#2233,host#1117,2
room#2234,host#1117,2
room#2235,host#1118,2
room#2236,host#1118,2
room#2237,host#1119,2
room#2238,host#1119,2
room#2239,host#1120,2
room#2240,host#1120,2
room#2241,host#1121,2
room#2242,host#1121,2
room#2243,host#1122,2
room#2244,host#1122,2
room#2245,host#1123,2
room#2246,host#1123,2
room#2247,host#1124,2
room#2248,host#1124,2
room#2249,host#1125,2
room#2250,host#1125,2
room#2251,host#1126,2
room#2252,host#1126,2
room#2253,host#1127,2
room#2254,host#1127,2
room#2255,host#1128,2
room#2256,host#1128,2
room#2257,host#1129,2
room#2258,host#1129,2
room#2259,host#1130,2
room#2260,host#1130,2
room#2261,host#1131,2
room#2262,host#1131,2
room#2263,host#1132,2
room#2264,host#1132,2
room#2265,host#1133,2
room#2266,host#1133,2
room#2267,host#1134,2
room#2268,host#1134,2
room#2269,host#1135,2
room#2270,host#1135,2
room#2271,host#1136,2
room#2272,host#1136,2
room#2273,host#1137,2
room#2274,host#1137,2
room#2275,host#1138,2
room#2276,host#1138,2
room#2277,host#1139,2
room#2278,host#1139,2
room#2279,host#1140,2
room#2280,host#1140,2
room#2281,host#1141,2
room#2282,host#1141,2
room#2283,host#1142,2
room#2284,host#1142,2
room#2285,host#1143,2
room#2286,host#1143,2
room#2287,host#1144,2
room#2288,host#1144,2
room#2289,host#1145,2
room#2290,host#1145,2
room#2291,host#1146,2
room#2292,host#1146,2
room#2293,host#1147,2
room#2294,host#1147,2
room#2295,host#1148,2
room#2296,host#1148,2
room#2297,host#1149,2
room#2298,host#1149,2
room#2299,host#1150,2
room#2300,host#1150,2
room#2301,host#1151,2
room#2302,host#1151,2
room#2303,host#1152,2
room#2304,host#1152,2
room#2305,host#1153,2
room#2306,host#1153,2
room#2307,host#1154,2
room#2308,host#1154,2
room#2309,host#1155,2
room#2310,host#1155,2
room#2311,host#1156,2
room#2312,host#1156,2
room#2313,host#1157,2
room#2314,host#1157,2
room#2315,host#1158,2
room#2316,host#1158,2
room#2317,host#1159,2
room#2318,host#1159,2
room#2319,host#1160,2
room#2320,host#1160,2
room#2321,host#1161,2
room#2322,host#1161,2
room#2323,host#1162,2
room#2324,host#1162,2
room#2325,host#1163,2
room#2326,host#1163,2
room#2327,host#1164,2
room#2328,host#1164,2
room#2329,host#1165,2
room#2330,host#1165,2
room#2331,host#1166,2
room#2332,host#1166,2
room#2333,host#1167,2
room#2334,host#1167,2
room#2335,host#1168,2
room#2336,host#1168,2
room#2337,host#1169,2
room#2338,host#1169,2
room#2339,host#1170,2
room#2340,host#1170,2
room#2341,host#1171,2
room#2342,host#1171,2
room#2343,host#1172,2
room#2344,host#1172,2
room#2345,host#1173,2
room#2346,host#1173,2
room#2347,host#1174,2
room#2348,host#1174,2
room#2349,host#1175,2
room#2350,host#1175,2
room#2351,host#1176,2
room#2352,host#1176,2
room#2353,host#1177,2
room#2354,host#1177,2
room#2355,host#1178,2
room#2356,host#1178,2
room#2357,host#1179,2
room#2358,host#1179,2
room#2359,host#1180,2
room#2360,host#1180,2
room#2361,host#1181,2
room#2362,host#1181,2
room#2363,host#1182,2
room#2364,host#1182,2
room#2365,host#1183,2
room#2366,host#1183,2
room#2367,host#1184,2
room#2368,host#1184,2
room#2369,host#1185,2
room#2370,host#1185,2
room#2371,host#1186,2
room#2372,host#1186,2
room#2373,host#1187,2
room#2374,host#1187,2
room#2375,host#1188,2
room#2376,host#1188,2
room#2377,host#1189,2
room#2378,host#1189,2
room#2379,host#1190,2
room#2380,host#1190,2
room#2381,host#1191,2
room#2382,host#1191,2
room#2383,host#1192,2
room#2384,host#1192,2
room#2385,host#1193,2
room#2386,host#1193,2
room#2387,host#1194,2
room#2388,host#1194,2
room#2389,host#1195,2
room#2390,host#1195,2
room#2391,host#1196,2
room#2392,host#1196,2
room#2393,host#1197,2
room#2394,host#1197,2
room#2395,host#1198,2
room#2396,host#1198,2
room#2397,host#1199,2
room#2398,host#1199,2
room#2399,host#1200,2
room#2400,host#1200,2
room#2401,host#1201,2
room#2402,host#1201,2
room#2403,host#1202,2
room#2404,host#1202,2
room#2405,host#1203,2
room#2406,host#1203,2
room#2407,host#1204,2
room#2408,host#1204,2
room#2409,host#1205,2
room#2410,host#1205,2
room#2411,host#1206,2
room#2412,host#1206,2
room#2413,host#1207,2
room#2414,host#1207,2
room#2415,host#1208,2
room#2416,host#1208,2
room#2417,host#1209,2
room#2418,host#1209,2
room#2419,host#1210,2
room#2420,host#1210,2
room#2421,host#1211,2
room#2422,host#1211,2
room#2423,host#1212,2
room#2424,host#1212,2
room#2425,host#1213,2
room#2426,host#1213,2
room#2427,host#1214,2
room#2428,host#1214,2
room#2429,host#1215,2
room#2430,host#1215,2
room#2431,host#1216,2
room#2432,host#1216,2
room#2433,host#1217,2
room#2434,host#1217,2
room#2435,host#1218,2
room#2436,host#1218,2
room#2437,host#1219,2
room#2438,host#1219,2
room#2439,host#1220,2
room#2440,host#1220,2
room#2441,host#1221,2
room#2442,host#1221,2
room#2443,host#1222,2
room#2444,host#1222,2
room#2445,host#1223,2
room#2446,host#1223,2
room#2447,host#1224,2
room#2448,host#1224,2
room#2449,host#1225,2
room#2450,host#1225,2
room#2451,host#1226,2
room#2452,host#1226,2
room#2453,host#1227,2
room#2454,host#1227,2
room#2455,host#1228,2
room#2456,host#1228,2
room#2457,host#1229,2
room#2458,host#1229,2
room#2459,host#1230,2
room#2460,host#1230,2
room#2461,host#1231,2
room#2462,host#1231,2
room#2463,host#1232,2
room#2464,host#1232,2
room#2465,host#1233,2
room#2466,host#1233,2
room#2467,host#1234,2
room#2468,host#1234,2
room#2469,host#1235,2
room#2470,host#1235,2
room#2471,host#1236,2
room#2472,host#1236,2
room#2473,host#1237,2
room#2474,host#1237,2
room#2475,host#1238,2
room#2476,host#1238,2
room#2477,host#1239,2
room#2478,host#1239,2
room#2479,host#1240,2
room#2480,host#1240,2
room#2481,host#1241,2
room#2482,host#1241,2
room#2483,host#1242,2
room#2484,host#1242,2
room#2485,host#1243,2
room#2486,host#1243,2
room#2487,host#1244,2
room#2488,host#1244,2
room#2489,host#1245,2
room#2490,host#1245,2
room#2491,host#1246,2
room#2492,host#1246,2
room#2493,host#1247,2
room#2494,host#1247,2
room#2495,host#1248,2
room#2496,host#1248,2
room#2497,host#1249,2
room#2498,host#1249,2
room#2499,host#1250,2
room#2500,host#1250,2
room#2501,host#1251,2
room#2502,host#1251,2
room#2503,host#1252,2
room#2504,host#1252,2
room#2505,host#1253,2
room#2506,host#1253,2
room#2507,host#1254,2
room#2508,host#1254,2
room#2509,host#1255,2
room#2510,host#1255,2
room#2511,host#1256,2
room#2512,host#1256,2
room#2513,host#1257,2
room#2514,host#1257,2
room#2515,host#1258,2
room#2516,host#1258,2
room#2517,host#1259,2
room#2518,host#1259,2
room#2519,host#1260,2
room#2520,host#1260,2
room#2521,host#1261,2
room#2522,host#1261,2
room#2523,host#1262,2
room#2524,host#1262,2
room#2525,host#1263,2
room#2526,host#1263,2
room#2527,host#1264,2
room#2528,host#1264,2
room#2529,host#1265,2
room#2530,host#1265,2
room#2531,host#1266,2
room#2532,host#1266,2
room#2533,host#1267,2
room#2534,host#1267,2
room#2535,host#1268,2
room#2536,host#1268,2
room#2537,host#1269,2
room#2538,host#1269,2
room#2539,host#1270,2
room#2540,host#1270,2
room#2541,host#1271,2
room#2542,host#1271,2
room#2543,host#1272,2
room#2544,host#1272,2
room#2545,host#1273,2
room#2546,host#1273,2
room#2547,host#1274,2
room#2548,host#1274,2
room#2549,host#1275,2
room#2550,host#1275,2
room#2551,host#1276,2
room#2552,host#1276,2
room#2553,host#1277,2
room#2554,host#1277,2
room#2555,host#1278,2
room#2556,host#1278,2
room#2557,host#1279,2
room#2558,host#1279,2
room#2559,host#1280,2
room#2560,host#1280,2
room#2561,host#1281,2
room#2562,host#1281,2
room#2563,host#1282,2
room#2564,host#1282,2
room#2565,host#1283,2
room#2566,host#1283,2
room#2567,host#1284,2
room#2568,host#1284,2
room#2569,host#1285,2
room#2570,host#1285,2
room#2571,host#1286,2
room#2572,host#1286,2
room#2573,host#1287,2
room#2574,host#1287,2
room#2575,host#1288,2
room#2576,host#1288,2
room#2577,host#1289,2
room#2578,host#1289,2
room#2579,host#1290,2
room#2580,host#1290,2
room#2581,host#1291,2
room#2582,host#1291,2
room#2583,host#1292,2
room#2584,host#1292,2
room#2585,host#1293,2
room#2586,host#1293,2
room#2587,host#1294,2
room#2588,host#1294,2
room#2589,host#1295,2
room#2590,host#1295,2
room#2591,host#1296,2
room#2592,host#1296,2
room#2593,host#1297,2
room#2594,host#1297,2
room#2595,host#1298,2
room#2596,host#1298,2
room#2597,host#1299,2
room#2598,host#1299,2
room#2599,host#1300,2
room#2600,host#1300,2
room#2601,host#1301,2
room#2602,host#1301,2
room#2603,host#1302,2
room#2604,host#1302,2
room#2605,host#1303,2
room#2606,host#1303,2
room#2607,host#1304,2
room#2608,host#1304,2
room#2609,host#1305,2
room#2610,host#1305,2
room#2611,host#1306,2
room#2612,host#1306,2
room#2613,host#1307,2
room#2614,host#1307,2
room#2615,host#1308,2
room#2616,host#1308,2
room#2617,host#1309,2
room#2618,host#1309,2
room#2619,host#1310,2
room#2620,host#1310,2
room#2621,host#1311,2
room#2622,host#1311,2
room#2623,host#1312,2
room#2624,host#1312,2
room#2625,host#1313,2
room#2626,host#1313,2
room#2627,host#1314,2
room#2628,host#1314,2
room#2629,host#1315,2
room#2630,host#1315,2
room#2631,host#1316,2
room#2632,host#1316,2
room#2633,host#1317,2
room#2634,host#1317,2
room#2635,host#1318,2
room#2636,host#1318,2
room#2637,host#1319,2
room#2638,host#1319,2
room#2639,host#1320,2
room#2640,host#1320,2
room#2641,host#1321,2
room#2642,host#1321,2
room#2643,host#1322,2
room#2644,host#1322,2
room#2645,host#1323,2
room#2646,host#1323,2
room#2647,host#1324,2
room#2648,host#1324,2
room#2649,host#1325,2
room#2650,host#1325,2
room#2651,host#1326,2
room#2652,host#1326,2
room#2653,host#1327,2
room#2654,host#1327,2
room#2655,host#1328,2
room#2656,host#1328,2
room#2657,host#1329,2
room#2658,host#1329,2
room#2659,host#1330,2
room#2660,host#1330,2
room#2661,host#1331,2
room#2662,host#1331,2
room#2663,host#1332,2
room#2664,host#1332,2
room#2665,host#1333,2
room#2666,host#1333,2
room#2667,host#1334,2
room#2668,host#1334,2
room#2669,host#1335,2
room#2670,host#1335,2
room#2671,host#1336,2
room#2672,host#1336,2
room#2673,host#1337,2
room#2674,host#1337,2
room#2675,host#1338,2
room#2676,host#1338,2
room#2677,host#1339,2
room#2678,host#1339,2
room#2679,host#1340,2
room#2680,host#1340,2
room#2681,host#1341,2
room#2682,host#1341,2
room#2683,host#1342,2
room#2684,host#1342,2
room#2685,host#1343,2
room#2686,host#1343,2
room#2687,host#1344,2
room#2688,host#1344,2
room#2689,host#1345,2
room#2690,host#1345,2
room#2691,host#1346,2
room#2692,host#1346,2
room#2693,host#1347,2
room#2694,host#1347,2
room#2695,host#1348,2
room#2696,host#1348,2
room#2697,host#1349,2
room#2698,host#1349,2
room#2699,host#1350,2
room#2700,host#1350,2
room#2701,host#1351,2
room#2702,host#1351,2
room#2703,host#1352,2
room#2704,host#1352,2
room#2705,host#1353,2
room#2706,host#1353,2
room#2707,host#1354,2
room#2708,host#1354,2
room#2709,host#1355,2
room#2710,host#1355,2
room#2711,host#1356,2
room#2712,host#1356,2
room#2713,host#1357,2
room#2714,host#1357,2
room#2715,host#1358,2
room#2716,host#1358,2
room#2717,host#1359,2
room#2718,host#1359,2
room#2719,host#1360,2
room#2720,host#1360,2
room#2721,host#1361,2
room#2722,host#1361,2
room#2723,host#1362,2
room#2724,host#1362,2
room#2725,host#1363,2
room#2726,host#1363,2
room#2727,host#1364,2
room#2728,host#1364,2
room#2729,host#1365,2
room#2730,host#1365,2
room#2731,host#1366,2
room#2732,host#1366,2
room#2733,host#1367,2
room#2734,host#1367,2
room#2735,host#1368,2
room#2736,host#1368,2
room#2737,host#1369,2
room#2738,host#1369,2
room#2739,host#1370,2
room#2740,host#1370,2
room#2741,host#1371,2
room#2742,host#1371,2
room#2743,host#1372,2
room#2744,host#1372,2
room#2745,host#1373,2
room#2746,host#1373,2
room#2747,host#1374,2
room#2748,host#1374,2
room#2749,host#1375,2
room#2750,host#1375,2
room#2751,host#1376,2
room#2752,host#1376,2
room#2753,host#1377,2
room#2754,host#1377,2
room#2755,host#1378,2
room#2756,host#1378,2
room#2757,host#1379,2
room#2758,host#1379,2
room#2759,host#1380,2
room#2760,host#1380,2
room#2761,host#1381,2
room#2762,host#1381,2
room#2763,host#1382,2
room#2764,host#1382,2
room#2765,host#1383,2
room#2766,host#1383,2
room#2767,host#1384,2
room#2768,host#1384,2
room#2769,host#1385,2
room#2770,host#1385,2
room#2771,host#1386,2
room#2772,host#1386,2
room#2773,host#1387,2
room#2774,host#1387,2
room#2775,host#1388,2
room#2776,host#1388,2
room#2777,host#1389,2
room#2778,host#1389,2
room#2779,host#1390,2
room#2780,host#1390,2
room#2781,host#1391,2
room#2782,host#1391,2
room#2783,host#1392,2
room#2784,host#1392,2
room#2785,host#1393,2
room#2786,host#1393,2
room#2787,host#1394,2
room#2788,host#1394,2
room#2789,host#1395,2
room#2790,host#1395,2
room#2791,host#1396,2
room#2792,host#1396,2
room#2793,host#1397,2
room#2794,host#1397,2
room#2795,host#1398,2
room#2796,host#1398,2
room#2797,host#1399,2
room#2798,host#1399,2
room#2799,host#1400,2
room#2800,host#1400,2
room#2801,host#1401,2
room#2802,host#1401,2
room#2803,host#1402,2
room#2804,host#1402,2
room#2805,host#1403,2
room#2806,host#1403,2
room#2807,host#1404,2
room#2808,host#1404,2
room#2809,host#1405,2
room#2810,host#1405,2
room#2811,host#1406,2
room#2812,host#1406,2
room#2813,host#1407,2
room#2814,host#1407,2
room#2815,host#1408,2
room#2816,host#1408,2
room#2817,host#1409,2
room#2818,host#1409,2
room#2819,host#1410,2
room#2820,host#1410,2
room#2821,host#1411,2
room#2822,host#1411,2
room#2823,host#1412,2
room#2824,host#1412,2
room#2825,host#1413,2
room#2826,host#1413,2
room#2827,host#1414,2
room#2828,host#1414,2
room#2829,host#1415,2
room#2830,host#1415,2
room#2831,host#1416,2
room#2832,host#1416,2
room#2833,host#1417,2
room#2834,host#1417,2
room#2835,host#1418,2
room#2836,host#1418,2
room#2837,host#1419,2
room#2838,host#1419,2
room#2839,host#1420,2
room#2840,host#1420,2
room#2841,host#1421,2
room#2842,host#1421,2
room#2843,host#1422,2
room#2844,host#1422,2
room#2845,host#1423,2
room#2846,host#1423,2
room#2847,host#1424,2
room#2848,host#1424,2
room#2849,host#1425,2
room#2850,host#1425,2
room#2851,host#1426,2
room#2852,host#1426,2
room#2853,host#1427,2
room#2854,host#1427,2
room#2855,host#1428,2
room#2856,host#1428,2
room#2857,host#1429,2
room#2858,host#1429,2
room#2859,host#1430,2
room#2860,host#1430,2
room#2861,host#1431,2
room#2862,host#1431,2
room#2863,host#1432,2
room#2864,host#1432,2
room#2865,host#1433,2
room#2866,host#1433,2
room#2867,host#1434,2
room#2868,host#1434,2
room#2869,host#1435,2
room#2870,host#1435,2
room#2871,host#1436,2
room#2872,host#1436,2
room#2873,host#1437,2
room#2874,host#1437,2
room#2875,host#1438,2
room#2876,host#1438,2
room#2877,host#1439,2
room#2878,host#1439,2
room#2879,host#1440,2
room#2880,host#1440,2
room#2881,host#1441,2
room#2882,host#1441,2
room#2883,host#1442,2
room#2884,host#1442,2
room#2885,host#1443,2
room#2886,host#1443,2
room#2887,host#1444,2
room#2888,host#1444,2
room#2889,host#1445,2
room#2890,host#1445,2
room#2891,host#1446,2
room#2892,host#1446,2
room#2893,host#1447,2
room#2894,host#1447,2
room#2895,host#1448,2
room#2896,host#1448,2
room#2897,host#1449,2
room#2898,host#1449,2
room#2899,host#1450,2
room#2900,host#1450,2
room#2901,host#1451,2
room#2902,host#1451,2
room#2903,host#1452,2
room#2904,host#1452,2
room#2905,host#1453,2
room#2906,host#1453,2
room#2907,host#1454,2
room#2908,host#1454,2
room#2909,host#1455,2
room#2910,host#1455,2
room#2911,host#1456,2
room#2912,host#1456,2
room#2913,host#1457,2
room#2914,host#1457,2
room#2915,host#1458,2
room#2916,host#1458,2
room#2917,host#1459,2
room#2918,host#1459,2
room#2919,host#1460,2
room#2920,host#1460,2
room#2921,host#1461,2
room#2922,host#1461,2
room#2923,host#1462,2
room#2924,host#1462,2
room#2925,host#1463,2
room#2926,host#1463,2
room#2927,host#1464,2
room#2928,host#1464,2
room#2929,host#1465,2
room#2930,host#1465,2
room#2931,host#1466,2
room#2932,host#1466,2
room#2933,host#1467,2
room#2934,host#1467,2
room#2935,host#1468,2
room#2936,host#1468,2
room#2937,host#1469,2
room#2938,host#1469,2
room#2939,host#1470,2
room#2940,host#1470,2
room#2941,host#1471,2
room#2942,host#1471,2
room#2943,host#1472,2
room#2944,host#1472,2
room#2945,host#1473,2
room#2946,host#1473,2
room#2947,host#1474,2
room#2948,host#1474,2
room#2949,host#1475,2
room#2950,host#1475,2
room#2951,host#1476,2
room#2952,host#1476,2
room#2953,host#1477,2
room#2954,host#1477,2
room#2955,host#1478,2
room#2956,host#1478,2
room#2957,host#1479,2
room#2958,host#1479,2
room#2959,host#1480,2
room#2960,host#1480,2
room#2961,host#1481,2
room#2962,host#1481,2
room#2963,host#1482,2
room#2964,host#1482,2
room#2965,host#1483,2
room#2966,host#1483,2
room#2967,host#1484,2
room#2968,host#1484,2
room#2969,host#1485,2
room#2970,host#1485,2
room#2971,host#1486,2
room#2972,host#1486,2
room#2973,host#1487,2
room#2974,host#1487,2
room#2975,host#1488,2
room#2976,host#1488,2
room#2977,host#1489,2
room#2978,host#1489,2
room#2979,host#1490,2
room#2980,host#1490,2
room#2981,host#1491,2
room#2982,host#1491,2
room#2983,host#1492,2
room#2984,host#1492,2
room#2985,host#1493,2
room#2986,host#1493,2
room#2987,host#1494,2
room#2988,host#1494,2
room#2989,host#1495,2
room#2990,host#1495,2
room#2991,host#1496,2
room#2992,host#1496,2
room#2993,host#1497,2
room#2994,host#1497,2
room#2995,host#1498,2
room#2996,host#1498,2
room#2997,host#1499,2
room#2998,host#1499,2
room#2999,host#1500,2
room#3000,host#1500,2
room#3001,host#1501,2
room#3002,host#1501,2
room#3003,host#1502,2
room#3004,host#1502,2
room#3005,host#1503,2
room#3006,host#1503,2
room#3007,host#1504,2
room#3008,host#1504,2
room#3009,host#1505,2
room#3010,host#1505,2
room#3011,host#1506,2
room#3012,host#1506,2
room#3013,host#1507,2
room#3014,host#1507,2
room#3015,host#1508,2
room#3016,host#1508,2
room#3017,host#1509,2
room#3018,host#1509,2
room#3019,host#1510,2
room#3020,host#1510,2
room#3021,host#1511,2
room#3022,host#1511,2
room#3023,host#1512,2
room#3024,host#1512,2
room#3025,host#1513,2
room#3026,host#1513,2
room#3027,host#1514,2
room#3028,host#1514,2
room#3029,host#1515,2
room#3030,host#1515,2
room#3031,host#1516,2
room#3032,host#1516,2
room#3033,host#1517,2
room#3034,host#1517,2
room#3035,host#1518,2
room#3036,host#1518,2
room#3037,host#1519,2
room#3038,host#1519,2
room#3039,host#1520,2
room#3040,host#1520,2
room#3041,host#1521,2
room#3042,host#1521,2
room#3043,host#1522,2
room#3044,host#1522,2
room#3045,host#1523,2
room#3046,host#1523,2
room#3047,host#1524,2
room#3048,host#1524,2
room#3049,host#1525,2
room#3050,host#1525,2
room#3051,host#1526,2
room#3052,host#1526,2
room#3053,host#1527,2
room#3054,host#1527,2
room#3055,host#1528,2
room#3056,host#1528,2
room#3057,host#1529,2
room#3058,host#1529,2
room#3059,host#1530,2
room#3060,host#1530,2
room#3061,host#1531,2
room#3062,host#1531,2
room#3063,host#1532,2
room#3064,host#1532,2
room#3065,host#1533,2
room#3066,host#1533,2
room#3067,host#1534,2
room#3068,host#1534,2
room#3069,host#1535,2
room#3070,host#1535,2
room#3071,host#1536,2
room#3072,host#1536,2
room#3073,host#1537,2
room#3074,host#1537,2
room#3075,host#1538,2
room#3076,host#1538,2
room#3077,host#1539,2
room#3078,host#1539,2
room#3079,host#1540,2
room#3080,host#1540,2
room#3081,host#1541,2
room#3082,host#1541,2
room#3083,host#1542,2
room#3084,host#1542,2
room#3085,host#1543,2
room#3086,host#1543,2
room#3087,host#1544,2
room#3088,host#1544,2
room#3089,host#1545,2
room#3090,host#1545,2
room#3091,host#1546,2
room#3092,host#1546,2
room#3093,host#1547,2
room#3094,host#1547,2
room#3095,host#1548,2
room#3096,host#1548,2
room#3097,host#1549,2
room#3098,host#1549,2
room#3099,host#1550,2
room#3100,host#1550,2
room#3101,host#1551,2
room#3102,host#1551,2
room#3103,host#1552,2
room#3104,host#1552,2
room#3105,host#1553,2
room#3106,host#1553,2
room#3107,host#1554,2
room#3108,host#1554,2
room#3109,host#1555,2
room#3110,host#1555,2
room#3111,host#1556,2
room#3112,host#1556,2
room#3113,host#1557,2
room#3114,host#1557,2
room#3115,host#1558,2
room#3116,host#1558,2
room#3117,host#1559,2
room#3118,host#1559,2
room#3119,host#1560,2
room#3120,host#1560,2
room#3121,host#1561,2
room#3122,host#1561,2
room#3123,host#1562,2
room#3124,host#1562,2
room#3125,host#1563,2
room#3126,host#1563,2
room#3127,host#1564,2
room#3128,host#1564,2
room#3129,host#1565,2
room#3130,host#1565,2
room#3131,host#1566,2
room#3132,host#1566,2
room#3133,host#1567,2
room#3134,host#1567,2
room#3135,host#1568,2
room#3136,host#1568,2
room#3137,host#1569,2
room#3138,host#1569,2
room#3139,host#1570,2
room#3140,host#1570,2
room#3141,host#1571,2
room#3142,host#1571,2
room#3143,host#1572,2
room#3144,host#1572,2
room#3145,host#1573,2
room#3146,host#1573,2
room#3147,host#1574,2
room#3148,host#1574,2
room#3149,host#1575,2
room#3150,host#1575,2
room#3151,host#1576,2
room#3152,host#1576,2
room#3153,host#1577,2
room#3154,host#1577,2
room#3155,host#1578,2
room#3156,host#1578,2
room#3157,host#1579,2
room#3158,host#1579,2
room#3159,host#1580,2
room#3160,host#1580,2
room#3161,host#1581,2
room#3162,host#1581,2
room#3163,host#1582,2
room#3164,host#1582,2
room#3165,host#1583,2
room#3166,host#1583,2
room#3167,host#1584,2
room#3168,host#1584,2
room#3169,host#1585,2
room#3170,host#1585,2
room#3171,host#1586,2
room#3172,host#1586,2
room#3173,host#1587,2
room#3174,host#1587,2
room#3175,host#1588,2
room#3176,host#1588,2
room#3177,host#1589,2
room#3178,host#1589,2
room#3179,host#1590,2
room#3180,host#1590,2
room#3181,host#1591,2
room#3182,host#1591,2
room#3183,host#1592,2
room#3184,host#1592,2
room#3185,host#1593,2
room#3186,host#1593,2
room#3187,host#1594,2
room#3188,host#1594,2
room#3189,host#1595,2
room#3190,host#1595,2
room#3191,host#1596,2
room#3192,host#1596,2
room#3193,host#1597,2
room#3194,host#1597,2
room#3195,host#1598,2
room#3196,host#1598,2
room#3197,host#1599,2
room#3198,host#1599,2
room#3199,host#1600,2
room#3200,host#1600,2
room#3201,host#1601,2
room#3202,host#1601,2
room#3203,host#1602,2
room#3204,host#1602,2
room#3205,host#1603,2
room#3206,host#1603,2
room#3207,host#1604,2
room#3208,host#1604,2
room#3209,host#1605,2
room#3210,host#1605,2
room#3211,host#1606,2
room#3212,host#1606,2
room#3213,host#1607,2
room#3214,host#1607,2
room#3215,host#1608,2
room#3216,host#1608,2
room#3217,host#1609,2
room#3218,host#1609,2
room#3219,host#1610,2
room#3220,host#1610,2
room#3221,host#1611,2
room#3222,host#1611,2
room#3223,host#1612,2
room#3224,host#1612,2
room#3225,host#1613,2
room#3226,host#1613,2
room#3227,host#1614,2
room#3228,host#1614,2
room#3229,host#1615,2
room#3230,host#1615,2
room#3231,host#1616,2
room#3232,host#1616,2
room#3233,host#1617,2
room#3234,host#1617,2
room#3235,host#1618,2
room#3236,host#1618,2
room#3237,host#1619,2
room#3238,host#1619,2
room#3239,host#1620,2
room#3240,host#1620,2
room#3241,host#1621,2
room#3242,host#1621,2
room#3243,host#1622,2
room#3244,host#1622,2
room#3245,host#1623,2
room#3246,host#1623,2
room#3247,host#1624,2
room#3248,host#1624,2
room#3249,host#1625,2
room#3250,host#1625,2
room#3251,host#1626,2
room#3252,host#1626,2
room#3253,host#1627,2
room#3254,host#1627,2
room#3255,host#1628,2
room#3256,host#1628,2
room#3257,host#1629,2
room#3258,host#1629,2
room#3259,host#1630,2
room#3260,host#1630,2
room#3261,host#1631,2
room#3262,host#1631,2
room#3263,host#1632,2
room#3264,host#1632,2
room#3265,host#1633,2
room#3266,host#1633,2
room#3267,host#1634,2
room#3268,host#1634,2
room#3269,host#1635,2
room#3270,host#1635,2
room#3271,host#1636,2
room#3272,host#1636,2
room#3273,host#1637,2
room#3274,host#1637,2
room#3275,host#1638,2
room#3276,host#1638,2
room#3277,host#1639,2
room#3278,host#1639,2
room#3279,host#1640,2
room#3280,host#1640,2
room#3281,host#1641,2
room#3282,host#1641,2
room#3283,host#1642,2
room#3284,host#1642,2
room#3285,host#1643,2
room#3286,host#1643,2
room#3287,host#1644,2
room#3288,host#1644,2
room#3289,host#1645,2
room#3290,host#1645,2
room#3291,host#1646,2
room#3292,host#1646,2
room#3293,host#1647,2
room#3294,host#1647,2
room#3295,host#1648,2
room#3296,host#1648,2
room#3297,host#1649,2
room#3298,host#1649,2
room#3299,host#1650,2
room#3300,host#1650,2
room#3301,host#1651,2
room#3302,host#1651,2
room#3303,host#1652,2
room#3304,host#1652,2
room#3305,host#1653,2
room#3306,host#1653,2
room#3307,host#1654,2
room#3308,host#1654,2
room#3309,host#1655,2
room#3310,host#1655,2
room#3311,host#1656,2
room#3312,host#1656,2
room#3313,host#1657,2
room#3314,host#1657,2
room#3315,host#1658,2
room#3316,host#1658,2
room#3317,host#1659,2
room#3318,host#1659,2
room#3319,host#1660,2
room#3320,host#1660,2
room#3321,host#1661,2
room#3322,host#1661,2
room#3323,host#1662,2
room#3324,host#1662,2
room#3325,host#1663,2
room#3326,host#1663,2
room#3327,host#1664,2
room#3328,host#1664,2
room#3329,host#1665,2
room#3330,host#1665,2
room#3331,host#1666,2
room#3332,host#1666,2
room#3333,host#1667,2
room#3334,host#1667,2
room#3335,host#1668,2
room#3336,host#1668,2
room#3337,host#1669,2
room#3338,host#1669,2
room#3339,host#1670,2
room#3340,host#1670,2
room#3341,host#1671,2
room#3342,host#1671,2
room#3343,host#1672,2
room#3344,host#1672,2
room#3345,host#1673,2
room#3346,host#1673,2
room#3347,host#1674,2
room#3348,host#1674,2
room#3349,host#1675,2
room#3350,host#1675,2
room#3351,host#1676,2
room#3352,host#1676,2
room#3353,host#1677,2
room#3354,host#1677,2
room#3355,host#1678,2
room#3356,host#1678,2
room#3357,host#1679,2
room#3358,host#1679,2
room#3359,host#1680,2
room#3360,host#1680,2
room#3361,host#1681,2
room#3362,host#1681,2
room#3363,host#1682,2
room#3364,host#1682,2
room#3365,host#1683,2
room#3366,host#1683,2
room#3367,host#1684,2
room#3368,host#1684,2
room#3369,host#1685,2
room#3370,host#1685,2
room#3371,host#1686,2
room#3372,host#1686,2
room#3373,host#1687,2
room#3374,host#1687,2
room#3375,host#1688,2
room#3376,host#1688,2
room#3377,host#1689,2
room#3378,host#1689,2
room#3379,host#1690,2
room#3380,host#1690,2
room#3381,host#1691,2
room#3382,host#1691,2
room#3383,host#1692,2
room#3384,host#1692,2
room#3385,host#1693,2
room#3386,host#1693,2
room#3387,host#1694,2
room#3388,host#1694,2
room#3389,host#1695,2
room#3390,host#1695,2
room#3391,host#1696,2
room#3392,host#1696,2
room#3393,host#1697,2
room#3394,host#1697,2
room#3395,host#1698,2
room#3396,host#1698,2
room#3397,host#1699,2
room#3398,host#1699,2
room#3399,host#1700,2
room#3400,host#1700,2
room#3401,host#1701,2
room#3402,host#1701,2
room#3403,host#1702,2
room#3404,host#1702,2
room#3405,host#1703,2
room#3406,host#1703,2
room#3407,host#1704,2
room#3408,host#1704,2
room#3409,host#1705,2
room#3410,host#1705,2
room#3411,host#1706,2
room#3412,host#1706,2
room#3413,host#1707,2
room#3414,host#1707,2
room#3415,host#1708,2
room#3416,host#1708,2
room#3417,host#1709,2
room#3418,host#1709,2
room#3419,host#1710,2
room#3420,host#1710,2
room#3421,host#1711,2
room#3422,host#1711,2
room#3423,host#1712,2
room#3424,host#1712,2
room#3425,host#1713,2
room#3426,host#1713,2
room#3427,host#1714,2
room#3428,host#1714,2
room#3429,host#1715,2
room#3430,host#1715,2
room#3431,host#1716,2
room#3432,host#1716,2
room#3433,host#1717,2
room#3434,host#1717,2
room#3435,host#1718,2
room#3436,host#1718,2
room#3437,host#1719,2
room#3438,host#1719,2
room#3439,host#1720,2
room#3440,host#1720,2
room#3441,host#1721,2
room#3442,host#1721,2
room#3443,host#1722,2
room#3444,host#1722,2
room#3445,host#1723,2
room#3446,host#1723,2
room#3447,host#1724,2
room#3448,host#1724,2
room#3449,host#1725,2
room#3450,host#1725,2
room#3451,host#1726,2
room#3452,host#1726,2
room#3453,host#1727,2
room#3454,host#1727,2
room#3455,host#1728,2
room#3456,host#1728,2
room#3457,host#1729,2
room#3458,host#1729,2
room#3459,host#1730,2
room#3460,host#1730,2
room#3461,host#1731,2
room#3462,host#1731,2
room#3463,host#1732,2
room#3464,host#1732,2
room#3465,host#1733,2
room#3466,host#1733,2
room#3467,host#1734,2
room#3468,host#1734,2
room#3469,host#1735,2
room#3470,host#1735,2
room#3471,host#1736,2
room#3472,host#1736,2
room#3473,host#1737,2
room#3474,host#1737,2
room#3475,host#1738,2
room#3476,host#1738,2
room#3477,host#1739,2
room#3478,host#1739,2
room#3479,host#1740,2
room#3480,host#1740,2
room#3481,host#1741,2
room#3482,host#1741,2
room#3483,host#1742,2
room#3484,host#1742,2
room#3485,host#1743,2
room#3486,host#1743,2
room#3487,host#1744,2
room#3488,host#1744,2
room#3489,host#1745,2
room#3490,host#1745,2
room#3491,host#1746,2
room#3492,host#1746,2
room#3493,host#1747,2
room#3494,host#1747,2
room#3495,host#1748,2
room#3496,host#1748,2
room#3497,host#1749,2
room#3498,host#1749,2
room#3499,host#1750,2
room#3500,host#1750,2
room#3501,host#1751,2
room#3502,host#1751,2
room#3503,host#1752,2
room#3504,host#1752,2
room#3505,host#1753,2
room#3506,host#1753,2
room#3507,host#1754,2
room#3508,host#1754,2
room#3509,host#1755,2
room#3510,host#1755,2
room#3511,host#1756,2
room#3512,host#1756,2
room#3513,host#1757,2
room#3514,host#1757,2
room#3515,host#1758,2
room#3516,host#1758,2
room#3517,host#1759,2
room#3518,host#1759,2
room#3519,host#1760,2
room#3520,host#1760,2
room#3521,host#1761,2
room#3522,host#1761,2
room#3523,host#1762,2
room#3524,host#1762,2
room#3525,host#1763,2
room#3526,host#1763,2
room#3527,host#1764,2
room#3528,host#1764,2
room#3529,host#1765,2
room#3530,host#1765,2
room#3531,host#1766,2
room#3532,host#1766,2
room#3533,host#1767,2
room#3534,host#1767,2
room#3535,host#1768,2
room#3536,host#1768,2
room#3537,host#1769,2
room#3538,host#1769,2
room#3539,host#1770,2
room#3540,host#1770,2
room#3541,host#1771,2
room#3542,host#1771,2
room#3543,host#1772,2
room#3544,host#1772,2
room#3545,host#1773,2
room#3546,host#1773,2
room#3547,host#1774,2
room#3548,host#1774,2
room#3549,host#1775,2
room#3550,host#1775,2
room#3551,host#1776,2
room#3552,host#1776,2
room#3553,host#1777,2
room#3554,host#1777,2
room#3555,host#1778,2
room#3556,host#1778,2
room#3557,host#1779,2
room#3558,host#1779,2
room#3559,host#1780,2
room#3560,host#1780,2
room#3561,host#1781,2
room#3562,host#1781,2
room#3563,host#1782,2
room#3564,host#1782,2
room#3565,host#1783,2
room#3566,host#1783,2
room#3567,host#1784,2
room#3568,host#1784,2
room#3569,host#1785,2
room#3570,host#1785,2
room#3571,host#1786,2
room#3572,host#1786,2
room#3573,host#1787,2
room#3574,host#1787,2
room#3575,host#1788,2
room#3576,host#1788,2
room#3577,host#1789,2
room#3578,host#1789,2
room#3579,host#1790,2
room#3580,host#1790,2
room#3581,host#1791,2
room#3582,host#1791,2
room#3583,host#1792,2
room#3584,host#1792,2
room#3585,host#1793,2
room#3586,host#1793,2
room#3587,host#1794,2
room#3588,host#1794,2
room#3589,host#1795,2
room#3590,host#1795,2
room#3591,host#1796,2
room#3592,host#1796,2
room#3593,host#1797,2
room#3594,host#1797,2
room#3595,host#1798,2
room#3596,host#1798,2
room#3597,host#1799,2
room#3598,host#1799,2
room#3599,host#1800,2
room#3600,host#1800,2
room#3601,host#1801,2
room#3602,host#1801,2
room#3603,host#1802,2
room#3604,host#1802,2
room#3605,host#1803,2
room#3606,host#1803,2
room#3607,host#1804,2
room#3608,host#1804,2
room#3609,host#1805,2
room#3610,host#1805,2
room#3611,host#1806,2
room#3612,host#1806,2
room#3613,host#1807,2
room#3614,host#1807,2
room#3615,host#1808,2
room#3616,host#1808,2
room#3617,host#1809,2
room#3618,host#1809,2
room#3619,host#1810,2
room#3620,host#1810,2
room#3621,host#1811,2
room#3622,host#1811,2
room#3623,host#1812,2
room#3624,host#1812,2
room#3625,host#1813,2
room#3626,host#1813,2
room#3627,host#1814,2
room#3628,host#1814,2
room#3629,host#1815,2
room#3630,host#1815,2
room#3631,host#1816,2
room#3632,host#1816,2
room#3633,host#1817,2
room#3634,host#1817,2
room#3635,host#1818,2
room#3636,host#1818,2
room#3637,host#1819,2
room#3638,host#1819,2
room#3639,host#1820,2
room#3640,host#1820,2
room#3641,host#1821,2
room#3642,host#1821,2
room#3643,host#1822,2
room#3644,host#1822,2
room#3645,host#1823,2
room#3646,host#1823,2
room#3647,host#1824,2
room#3648,host#1824,2
room#3649,host#1825,2
room#3650,host#1825,2
room#3651,host#1826,2
room#3652,host#1826,2
room#3653,host#1827,2
room#3654,host#1827,2
room#3655,host#1828,2
room#3656,host#1828,2
room#3657,host#1829,2
room#3658,host#1829,2
room#3659,host#1830,2
room#3660,host#1830,2
room#3661,host#1831,2
room#3662,host#1831,2
room#3663,host#1832,2
room#3664,host#1832,2
room#3665,host#1833,2
room#3666,host#1833,2
room#3667,host#1834,2
room#3668,host#1834,2
room#3669,host#1835,2
room#3670,host#1835,2
room#3671,host#1836,2
room#3672,host#1836,2
room#3673,host#1837,2
room#3674,host#1837,2
room#3675,host#1838,2
room#3676,host#1838,2
room#3677,host#1839,2
room#3678,host#1839,2
room#3679,host#1840,2
room#3680,host#1840,2
room#3681,host#1841,2
room#3682,host#1841,2
room#3683,host#1842,2
room#3684,host#1842,2
room#3685,host#1843,2
room#3686,host#1843,2
room#3687,host#1844,2
room#3688,host#1844,2
room#3689,host#1845,2
room#3690,host#1845,2
room#3691,host#1846,2
room#3692,host#1846,2
room#3693,host#1847,2
room#3694,host#1847,2
room#3695,host#1848,2
room#3696,host#1848,2
room#3697,host#1849,2
room#3698,host#1849,2
room#3699,host#1850,2
room#3700,host#1850,2
room#3701,host#1851,2
room#3702,host#1851,2
room#3703,host#1852,2
room#3704,host#1852,2
room#3705,host#1853,2
room#3706,host#1853,2
room#3707,host#1854,2
room#3708,host#1854,2
room#3709,host#1855,2
room#3710,host#1855,2
room#3711,host#1856,2
room#3712,host#1856,2
room#3713,host#1857,2
room#3714,host#1857,2
room#3715,host#1858,2
room#3716,host#1858,2
room#3717,host#1859,2
room#3718,host#1859,2
room#3719,host#1860,2
room#3720,host#1860,2
room#3721,host#1861,2
room#3722,host#1861,2
room#3723,host#1862,2
room#3724,host#1862,2
room#3725,host#1863,2
room#3726,host#1863,2
room#3727,host#1864,2
room#3728,host#1864,2
room#3729,host#1865,2
room#3730,host#1865,2
room#3731,host#1866,2
room#3732,host#1866,2
room#3733,host#1867,2
room#3734,host#1867,2
room#3735,host#1868,2
room#3736,host#1868,2
room#3737,host#1869,2
room#3738,host#1869,2
room#3739,host#1870,2
room#3740,host#1870,2
room#3741,host#1871,2
room#3742,host#1871,2
room#3743,host#1872,2
room#3744,host#1872,2
room#3745,host#1873,2
room#3746,host#1873,2
room#3747,host#1874,2
room#3748,host#1874,2
room#3749,host#1875,2
room#3750,host#1875,2
room#3751,host#1876,2
room#3752,host#1876,2
room#3753,host#1877,2
room#3754,host#1877,2
room#3755,host#1878,2
room#3756,host#1878,2
room#3757,host#1879,2
room#3758,host#1879,2
room#3759,host#1880,2
room#3760,host#1880,2
room#3761,host#1881,2
room#3762,host#1881,2
room#3763,host#1882,2
room#3764,host#1882,2
room#3765,host#1883,2
room#3766,host#1883,2
room#3767,host#1884,2
room#3768,host#1884,2
room#3769,host#1885,2
room#3770,host#1885,2
room#3771,host#1886,2
room#3772,host#1886,2
room#3773,host#1887,2
room#3774,host#1887,2
room#3775,host#1888,2
room#3776,host#1888,2
room#3777,host#1889,2
room#3778,host#1889,2
room#3779,host#1890,2
room#3780,host#1890,2
room#3781,host#1891,2
room#3782,host#1891,2
room#3783,host#1892,2
room#3784,host#1892,2
room#3785,host#1893,2
room#3786,host#1893,2
room#3787,host#1894,2
room#3788,host#1894,2
room#3789,host#1895,2
room#3790,host#1895,2
room#3791,host#1896,2
room#3792,host#1896,2
room#3793,host#1897,2
room#3794,host#1897,2
room#3795,host#1898,2
room#3796,host#1898,2
room#3797,host#1899,2
room#3798,host#1899,2
room#3799,host#1900,2
room#3800,host#1900,2
room#3801,host#1901,2
room#3802,host#1901,2
room#3803,host#1902,2
room#3804,host#1902,2
room#3805,host#1903,2
room#3806,host#1903,2
room#3807,host#1904,2
room#3808,host#1904,2
room#3809,host#1905,2
room#3810,host#1905,2
room#3811,host#1906,2
room#3812,host#1906,2
room#3813,host#1907,2
room#3814,host#1907,2
room#3815,host#1908,2
room#3816,host#1908,2
room#3817,host#1909,2
room#3818,host#1909,2
room#3819,host#1910,2
room#3820,host#1910,2
room#3821,host#1911,2
room#3822,host#1911,2
room#3823,host#1912,2
room#3824,host#1912,2
room#3825,host#1913,2
room#3826,host#1913,2
room#3827,host#1914,2
room#3828,host#1914,2
room#3829,host#1915,2
room#3830,host#1915,2
room#3831,host#1916,2
room#3832,host#1916,2
room#3833,host#1917,2
room#3834,host#1917,2
room#3835,host#1918,2
room#3836,host#1918,2
room#3837,host#1919,2
room#3838,host#1919,2
room#3839,host#1920,2
room#3840,host#1920,2
room#3841,host#1921,2
room#3842,host#1921,2
room#3843,host#1922,2
room#3844,host#1922,2
room#3845,host#1923,2
room#3846,host#1923,2
room#3847,host#1924,2
room#3848,host#1924,2
room#3849,host#1925,2
room#3850,host#1925,2
room#3851,host#1926,2
room#3852,host#1926,2
room#3853,host#1927,2
room#3854,host#1927,2
room#3855,host#1928,2
room#3856,host#1928,2
room#3857,host#1929,2
room#3858,host#1929,2
room#3859,host#1930,2
room#3860,host#1930,2
room#3861,host#1931,2
room#3862,host#1931,2
room#3863,host#1932,2
room#3864,host#1932,2
room#3865,host#1933,2
room#3866,host#1933,2
room#3867,host#1934,2
room#3868,host#1934,2
room#3869,host#1935,2
room#3870,host#1935,2
room#3871,host#1936,2
room#3872,host#1936,2
room#3873,host#1937,2
room#3874,host#1937,2
room#3875,host#1938,2
room#3876,host#1938,2
room#3877,host#1939,2
room#3878,host#1939,2
room#3879,host#1940,2
room#3880,host#1940,2
room#3881,host#1941,2
room#3882,host#1941,2
room#3883,host#1942,2
room#3884,host#1942,2
room#3885,host#1943,2
room#3886,host#1943,2
room#3887,host#1944,2
room#3888,host#1944,2
room#3889,host#1945,2
room#3890,host#1945,2
room#3891,host#1946,2
room#3892,host#1946,2
room#3893,host#1947,2
room#3894,host#1947,2
room#3895,host#1948,2
room#3896,host#1948,2
room#3897,host#1949,2
room#3898,host#1949,2
room#3899,host#1950,2
room#3900,host#1950,2
room#3901,host#1951,2
room#3902,host#1951,2
room#3903,host#1952,2
room#3904,host#1952,2
room#3905,host#1953,2
room#3906,host#1953,2
room#3907,host#1954,2
room#3908,host#1954,2
room#3909,host#1955,2
room#3910,host#1955,2
room#3911,host#1956,2
room#3912,host#1956,2
room#3913,host#1957,2
room#3914,host#1957,2
room#3915,host#1958,2
room#3916,host#1958,2
room#3917,host#1959,2
room#3918,host#1959,2
room#3919,host#1960,2
room#3920,host#1960,2
room#3921,host#1961,2
room#3922,host#1961,2
room#3923,host#1962,2
room#3924,host#1962,2
room#3925,host#1963,2
room#3926,host#1963,2
room#3927,host#1964,2
room#3928,host#1964,2
room#3929,host#1965,2
room#3930,host#1965,2
room#3931,host#1966,2
room#3932,host#1966,2
room#3933,host#1967,2
room#3934,host#1967,2
room#3935,host#1968,2
room#3936,host#1968,2
room#3937,host#1969,2
room#3938,host#1969,2
room#3939,host#1970,2
room#3940,host#1970,2
room#3941,host#1971,2
room#3942,host#1971,2
room#3943,host#1972,2
room#3944,host#1972,2
room#3945,host#1973,2
room#3946,host#1973,2
room#3947,host#1974,2
room#3948,host#1974,2
room#3949,host#1975,2
room#3950,host#1975,2
room#3951,host#1976,2
room#3952,host#1976,2
room#3953,host#1977,2
room#3954,host#1977,2
room#3955,host#1978,2
room#3956,host#1978,2
room#3957,host#1979,2
room#3958,host#1979,2
room#3959,host#1980,2
room#3960,host#1980,2
room#3961,host#1981,2
room#3962,host#1981,2
room#3963,host#1982,2
room#3964,host#1982,2
room#3965,host#1983,2
room#3966,host#1983,2
room#3967,host#1984,2
room#3968,host#1984,2
room#3969,host#1985,2
room#3970,host#1985,2
room#3971,host#1986,2
room#3972,host#1986,2
room#3973,host#1987,2
room#3974,host#1987,2
room#3975,host#1988,2
room#3976,host#1988,2
room#3977,host#1989,2
room#3978,host#1989,2
room#3979,host#1990,2
room#3980,host#1990,2
room#3981,host#1991,2
room#3982,host#1991,2
room#3983,host#1992,2
room#3984,host#1992,2
room#3985,host#1993,2
room#3986,host#1993,2
room#3987,host#1994,2
room#3988,host#1994,2
room#3989,host#1995,2
room#3990,host#1995,2
room#3991,host#1996,2
room#3992,host#1996,2
room#3993,host#1997,2
room#3994,host#1997,2
room#3995,host#1998,2
room#3996,host#1998,2
room#3997,host#1999,2
room#3998,host#1999,2
room#3999,host#2000,2
room#4000,host#2000,2
